node_id,gene_id
0,2
1,10
2,12
3,13
4,14
5,15
6,18
7,19
8,20
9,21
10,23
11,24
12,25
13,27
14,28
15,29
16,30
17,31
18,33
19,34
20,35
21,36
22,37
23,38
24,39
25,43
26,47
27,48
28,49
29,51
30,52
31,53
32,54
33,56
34,58
35,59
36,60
37,70
38,71
39,72
40,81
41,86
42,87
43,88
44,89
45,90
46,91
47,92
48,93
49,94
50,95
51,97
52,98
53,100
54,101
55,102
56,103
57,104
58,105
59,107
60,108
61,112
62,113
63,115
64,116
65,117
66,118
67,119
68,120
69,128
70,130
71,132
72,133
73,135
74,136
75,140
76,141
77,142
78,143
79,146
80,147
81,148
82,150
83,151
84,152
85,154
86,155
87,158
88,161
89,162
90,163
91,164
92,165
93,167
94,175
95,176
96,177
97,178
98,181
99,182
100,183
101,185
102,189
103,191
104,196
105,197
106,199
107,203
108,204
109,207
110,208
111,210
112,211
113,214
114,217
115,218
116,219
117,220
118,221
119,223
120,224
121,225
122,226
123,229
124,230
125,231
126,238
127,239
128,240
129,241
130,242
131,246
132,247
133,248
134,249
135,250
136,257
137,258
138,259
139,262
140,267
141,268
142,269
143,270
144,271
145,272
146,273
147,274
148,275
149,283
150,284
151,285
152,286
153,287
154,288
155,290
156,291
157,301
158,302
159,307
160,308
161,309
162,310
163,311
164,312
165,313
166,314
167,316
168,317
169,318
170,320
171,321
172,322
173,323
174,324
175,325
176,326
177,327
178,328
179,329
180,330
181,332
182,333
183,334
184,335
185,336
186,337
187,338
188,339
189,341
190,344
191,345
192,346
193,347
194,348
195,350
196,351
197,353
198,354
199,355
200,356
201,358
202,359
203,360
204,361
205,362
206,364
207,366
208,372
209,373
210,375
211,377
212,378
213,379
214,381
215,382
216,383
217,384
218,387
219,388
220,389
221,390
222,391
223,392
224,394
225,396
226,397
227,398
228,399
229,400
230,401
231,402
232,403
233,406
234,409
235,410
236,417
237,419
238,420
239,421
240,427
241,429
242,430
243,432
244,433
245,434
246,435
247,440
248,443
249,444
250,445
251,460
252,462
253,463
254,466
255,467
256,468
257,471
258,472
259,473
260,474
261,475
262,476
263,478
264,479
265,481
266,482
267,483
268,486
269,487
270,488
271,489
272,490
273,491
274,493
275,495
276,496
277,501
278,523
279,525
280,526
281,527
282,528
283,529
284,533
285,534
286,535
287,540
288,545
289,547
290,549
291,550
292,551
293,552
294,553
295,558
296,563
297,566
298,567
299,571
300,572
301,573
302,578
303,580
304,581
305,585
306,586
307,587
308,593
309,594
310,595
311,596
312,597
313,598
314,599
315,602
316,604
317,605
318,607
319,608
320,610
321,611
322,613
323,617
324,622
325,623
326,624
327,627
328,629
329,631
330,632
331,634
332,635
333,636
334,637
335,638
336,639
337,640
338,641
339,642
340,644
341,645
342,646
343,648
344,649
345,650
346,651
347,652
348,654
349,655
350,657
351,658
352,659
353,661
354,662
355,663
356,664
357,665
358,667
359,668
360,669
361,670
362,671
363,672
364,673
365,675
366,676
367,677
368,678
369,684
370,686
371,687
372,688
373,689
374,694
375,696
376,699
377,701
378,705
379,706
380,708
381,710
382,712
383,713
384,716
385,717
386,718
387,719
388,722
389,725
390,726
391,727
392,728
393,729
394,730
395,731
396,733
397,734
398,735
399,740
400,741
401,744
402,752
403,754
404,757
405,760
406,761
407,762
408,763
409,765
410,766
411,768
412,770
413,771
414,773
415,775
416,776
417,779
418,780
419,781
420,782
421,783
422,784
423,785
424,786
425,788
426,790
427,793
428,794
429,796
430,797
431,799
432,800
433,801
434,805
435,808
436,810
437,811
438,813
439,814
440,815
441,818
442,819
443,820
444,821
445,822
446,823
447,825
448,826
449,829
450,830
451,832
452,834
453,835
454,836
455,837
456,838
457,839
458,840
459,841
460,842
461,843
462,844
463,845
464,847
465,857
466,858
467,859
468,860
469,861
470,862
471,863
472,864
473,865
474,866
475,867
476,868
477,873
478,874
479,875
480,881
481,885
482,886
483,887
484,889
485,890
486,891
487,892
488,894
489,899
490,900
491,901
492,902
493,905
494,908
495,909
496,910
497,911
498,912
499,913
500,914
501,915
502,916
503,917
504,919
505,920
506,921
507,922
508,923
509,924
510,926
511,928
512,929
513,930
514,931
515,932
516,933
517,939
518,940
519,941
520,942
521,943
522,944
523,945
524,946
525,947
526,948
527,949
528,950
529,951
530,952
531,953
532,954
533,955
534,956
535,957
536,958
537,960
538,961
539,962
540,963
541,965
542,966
543,967
544,969
545,970
546,971
547,972
548,973
549,974
550,975
551,977
552,987
553,988
554,990
555,991
556,993
557,994
558,995
559,996
560,997
561,998
562,999
563,1000
564,1001
565,1002
566,1003
567,1004
568,1005
569,1006
570,1007
571,1008
572,1009
573,1010
574,1013
575,1014
576,1015
577,1017
578,1018
579,1019
580,1020
581,1021
582,1022
583,1025
584,1026
585,1027
586,1028
587,1029
588,1030
589,1031
590,1032
591,1033
592,1036
593,1039
594,1040
595,1041
596,1043
597,1044
598,1045
599,1047
600,1048
601,1050
602,1051
603,1052
604,1053
605,1054
606,1056
607,1058
608,1059
609,1062
610,1063
611,1068
612,1070
613,1071
614,1072
615,1075
616,1080
617,1081
618,1084
619,1087
620,1088
621,1089
622,1101
623,1102
624,1103
625,1106
626,1108
627,1109
628,1111
629,1112
630,1113
631,1114
632,1116
633,1117
634,1118
635,1119
636,1122
637,1123
638,1124
639,1129
640,1132
641,1133
642,1134
643,1136
644,1137
645,1138
646,1140
647,1141
648,1142
649,1143
650,1144
651,1145
652,1146
653,1147
654,1149
655,1152
656,1153
657,1154
658,1155
659,1158
660,1160
661,1161
662,1164
663,1173
664,1174
665,1175
666,1176
667,1178
668,1179
669,1180
670,1181
671,1182
672,1185
673,1188
674,1191
675,1195
676,1196
677,1198
678,1200
679,1201
680,1207
681,1208
682,1209
683,1211
684,1212
685,1213
686,1230
687,1232
688,1233
689,1235
690,1236
691,1237
692,1240
693,1241
694,1244
695,1258
696,1261
697,1263
698,1264
699,1265
700,1266
701,1267
702,1268
703,1271
704,1272
705,1277
706,1278
707,1280
708,1281
709,1282
710,1284
711,1285
712,1286
713,1289
714,1290
715,1291
716,1292
717,1293
718,1294
719,1295
720,1296
721,1297
722,1298
723,1299
724,1300
725,1301
726,1302
727,1305
728,1306
729,1308
730,1310
731,1311
732,1312
733,1314
734,1315
735,1316
736,1318
737,1326
738,1327
739,1329
740,1337
741,1339
742,1340
743,1347
744,1351
745,1352
746,1353
747,1355
748,1356
749,1357
750,1358
751,1359
752,1361
753,1362
754,1363
755,1364
756,1365
757,1366
758,1369
759,1373
760,1374
761,1375
762,1376
763,1378
764,1380
765,1381
766,1382
767,1384
768,1385
769,1386
770,1389
771,1390
772,1392
773,1393
774,1394
775,1395
776,1396
777,1397
778,1398
779,1399
780,1400
781,1401
782,1404
783,1406
784,1407
785,1408
786,1409
787,1410
788,1411
789,1412
790,1414
791,1415
792,1417
793,1418
794,1419
795,1420
796,1421
797,1429
798,1431
799,1432
800,1434
801,1435
802,1436
803,1437
804,1439
805,1440
806,1441
807,1444
808,1446
809,1452
810,1453
811,1454
812,1455
813,1456
814,1457
815,1459
816,1460
817,1462
818,1463
819,1464
820,1465
821,1466
822,1468
823,1469
824,1470
825,1471
826,1472
827,1473
828,1474
829,1475
830,1476
831,1477
832,1479
833,1487
834,1488
835,1489
836,1491
837,1493
838,1495
839,1496
840,1497
841,1499
842,1500
843,1501
844,1506
845,1508
846,1509
847,1510
848,1511
849,1512
850,1513
851,1519
852,1520
853,1522
854,1524
855,1525
856,1528
857,1534
858,1535
859,1537
860,1543
861,1544
862,1545
863,1548
864,1551
865,1553
866,1555
867,1571
868,1573
869,1576
870,1577
871,1580
872,1581
873,1583
874,1584
875,1586
876,1591
877,1592
878,1593
879,1594
880,1595
881,1600
882,1601
883,1602
884,1603
885,1604
886,1605
887,1606
888,1608
889,1609
890,1611
891,1612
892,1613
893,1616
894,1618
895,1621
896,1622
897,1627
898,1628
899,1629
900,1630
901,1633
902,1634
903,1635
904,1636
905,1638
906,1639
907,1642
908,1643
909,1647
910,1649
911,1650
912,1653
913,1655
914,1656
915,1657
916,1659
917,1660
918,1662
919,1663
920,1666
921,1669
922,1670
923,1671
924,1672
925,1674
926,1675
927,1676
928,1677
929,1690
930,1716
931,1717
932,1718
933,1719
934,1723
935,1725
936,1727
937,1728
938,1733
939,1734
940,1735
941,1737
942,1738
943,1739
944,1740
945,1742
946,1743
947,1746
948,1748
949,1749
950,1755
951,1757
952,1758
953,1759
954,1760
955,1761
956,1762
957,1770
958,1773
959,1775
960,1776
961,1777
962,1778
963,1780
964,1783
965,1785
966,1786
967,1787
968,1788
969,1789
970,1791
971,1793
972,1794
973,1795
974,1796
975,1798
976,1802
977,1803
978,1804
979,1805
980,1806
981,1807
982,1808
983,1809
984,1810
985,1811
986,1812
987,1813
988,1814
989,1815
990,1816
991,1819
992,1820
993,1822
994,1823
995,1824
996,1825
997,1827
998,1828
999,1830
1000,1832
1001,1836
1002,1837
1003,1838
1004,1839
1005,1843
1006,1844
1007,1845
1008,1846
1009,1847
1010,1848
1011,1850
1012,1854
1013,1855
1014,1856
1015,1857
1016,1859
1017,1861
1018,1869
1019,1870
1020,1871
1021,1874
1022,1875
1023,1876
1024,1877
1025,1889
1026,1891
1027,1892
1028,1893
1029,1906
1030,1907
1031,1908
1032,1910
1033,1911
1034,1912
1035,1915
1036,1917
1037,1936
1038,1937
1039,1938
1040,1942
1041,1943
1042,1944
1043,1945
1044,1946
1045,1948
1046,1949
1047,1950
1048,1951
1049,1952
1050,1954
1051,1956
1052,1958
1053,1959
1054,1960
1055,1961
1056,1962
1057,1965
1058,1967
1059,1969
1060,1973
1061,1974
1062,1975
1063,1978
1064,1979
1065,1981
1066,1982
1067,1983
1068,1984
1069,1992
1070,1993
1071,1994
1072,1995
1073,1996
1074,1997
1075,2001
1076,2004
1077,2005
1078,2006
1079,2009
1080,2011
1081,2012
1082,2013
1083,2014
1084,2016
1085,2017
1086,2018
1087,2019
1088,2020
1089,2022
1090,2023
1091,2026
1092,2027
1093,2028
1094,2029
1095,2030
1096,2033
1097,2034
1098,2035
1099,2036
1100,2037
1101,2038
1102,2040
1103,2041
1104,2042
1105,2043
1106,2044
1107,2045
1108,2047
1109,2048
1110,2049
1111,2050
1112,2051
1113,2052
1114,2053
1115,2054
1116,2056
1117,2057
1118,2059
1119,2060
1120,2063
1121,2064
1122,2065
1123,2066
1124,2067
1125,2068
1126,2069
1127,2070
1128,2071
1129,2072
1130,2073
1131,2074
1132,2077
1133,2078
1134,2079
1135,2091
1136,2099
1137,2100
1138,2101
1139,2104
1140,2107
1141,2108
1142,2109
1143,2110
1144,2113
1145,2114
1146,2115
1147,2117
1148,2118
1149,2119
1150,2120
1151,2121
1152,2123
1153,2124
1154,2128
1155,2130
1156,2131
1157,2132
1158,2134
1159,2135
1160,2137
1161,2138
1162,2139
1163,2140
1164,2145
1165,2146
1166,2147
1167,2149
1168,2150
1169,2151
1170,2152
1171,2153
1172,2155
1173,2159
1174,2160
1175,2161
1176,2162
1177,2166
1178,2167
1179,2168
1180,2169
1181,2170
1182,2171
1183,2172
1184,2173
1185,2175
1186,2176
1187,2178
1188,2180
1189,2181
1190,2184
1191,2185
1192,2186
1193,2188
1194,2189
1195,2191
1196,2192
1197,2193
1198,2194
1199,2196
1200,2197
1201,2199
1202,2200
1203,2201
1204,2202
1205,2203
1206,2204
1207,2205
1208,2206
1209,2207
1210,2208
1211,2212
1212,2215
1213,2217
1214,2219
1215,2220
1216,2222
1217,2230
1218,2232
1219,2235
1220,2237
1221,2241
1222,2242
1223,2243
1224,2244
1225,2246
1226,2247
1227,2248
1228,2250
1229,2251
1230,2252
1231,2253
1232,2254
1233,2257
1234,2259
1235,2260
1236,2261
1237,2262
1238,2263
1239,2264
1240,2266
1241,2268
1242,2271
1243,2272
1244,2274
1245,2275
1246,2280
1247,2281
1248,2286
1249,2287
1250,2288
1251,2289
1252,2290
1253,2294
1254,2295
1255,2296
1256,2297
1257,2299
1258,2300
1259,2301
1260,2302
1261,2303
1262,2304
1263,2305
1264,2308
1265,2309
1266,2312
1267,2313
1268,2314
1269,2315
1270,2317
1271,2318
1272,2319
1273,2321
1274,2322
1275,2323
1276,2324
1277,2326
1278,2327
1279,2328
1280,2329
1281,2330
1282,2331
1283,2335
1284,2339
1285,2342
1286,2346
1287,2348
1288,2350
1289,2352
1290,2353
1291,2354
1292,2355
1293,2356
1294,2357
1295,2395
1296,2444
1297,2483
1298,2487
1299,2492
1300,2494
1301,2495
1302,2515
1303,2516
1304,2517
1305,2520
1306,2521
1307,2523
1308,2524
1309,2525
1310,2526
1311,2528
1312,2529
1313,2530
1314,2534
1315,2535
1316,2537
1317,2542
1318,2547
1319,2548
1320,2549
1321,2550
1322,2551
1323,2554
1324,2555
1325,2557
1326,2558
1327,2559
1328,2560
1329,2561
1330,2562
1331,2563
1332,2566
1333,2568
1334,2569
1335,2570
1336,2571
1337,2572
1338,2580
1339,2581
1340,2582
1341,2583
1342,2584
1343,2585
1344,2587
1345,2588
1346,2589
1347,2590
1348,2591
1349,2592
1350,2593
1351,2596
1352,2597
1353,2615
1354,2618
1355,2619
1356,2620
1357,2622
1358,2624
1359,2625
1360,2626
1361,2627
1362,2629
1363,2632
1364,2634
1365,2637
1366,2638
1367,2639
1368,2643
1369,2644
1370,2645
1371,2646
1372,2647
1373,2649
1374,2650
1375,2651
1376,2653
1377,2658
1378,2660
1379,2661
1380,2662
1381,2665
1382,2668
1383,2669
1384,2670
1385,2671
1386,2672
1387,2673
1388,2674
1389,2675
1390,2676
1391,2677
1392,2678
1393,2683
1394,2688
1395,2689
1396,2691
1397,2692
1398,2693
1399,2695
1400,2696
1401,2697
1402,2700
1403,2701
1404,2702
1405,2709
1406,2712
1407,2720
1408,2729
1409,2730
1410,2731
1411,2734
1412,2735
1413,2737
1414,2739
1415,2740
1416,2741
1417,2743
1418,2744
1419,2745
1420,2746
1421,2752
1422,2760
1423,2762
1424,2764
1425,2765
1426,2766
1427,2767
1428,2768
1429,2769
1430,2770
1431,2771
1432,2773
1433,2774
1434,2775
1435,2776
1436,2778
1437,2779
1438,2781
1439,2782
1440,2783
1441,2784
1442,2785
1443,2786
1444,2787
1445,2791
1446,2794
1447,2796
1448,2797
1449,2798
1450,2799
1451,2800
1452,2801
1453,2802
1454,2803
1455,2804
1456,2805
1457,2806
1458,2810
1459,2811
1460,2812
1461,2813
1462,2814
1463,2819
1464,2821
1465,2822
1466,2823
1467,2826
1468,2827
1469,2828
1470,2829
1471,2830
1472,2832
1473,2835
1474,2838
1475,2840
1476,2841
1477,2842
1478,2844
1479,2845
1480,2847
1481,2848
1482,2850
1483,2853
1484,2854
1485,2859
1486,2861
1487,2862
1488,2867
1489,2868
1490,2869
1491,2870
1492,2872
1493,2873
1494,2874
1495,2875
1496,2876
1497,2877
1498,2878
1499,2879
1500,2880
1501,2882
1502,2885
1503,2886
1504,2887
1505,2888
1506,2889
1507,2890
1508,2891
1509,2893
1510,2895
1511,2896
1512,2897
1513,2899
1514,2900
1515,2901
1516,2902
1517,2903
1518,2904
1519,2905
1520,2906
1521,2908
1522,2911
1523,2912
1524,2913
1525,2914
1526,2915
1527,2916
1528,2917
1529,2918
1530,2919
1531,2921
1532,2922
1533,2923
1534,2926
1535,2931
1536,2932
1537,2934
1538,2935
1539,2936
1540,2937
1541,2940
1542,2941
1543,2947
1544,2948
1545,2949
1546,2950
1547,2952
1548,2954
1549,2956
1550,2957
1551,2958
1552,2959
1553,2960
1554,2961
1555,2962
1556,2963
1557,2965
1558,2968
1559,2969
1560,2971
1561,2972
1562,2974
1563,2975
1564,2976
1565,2977
1566,2979
1567,2980
1568,2981
1569,2984
1570,2987
1571,2990
1572,2992
1573,2994
1574,2995
1575,2997
1576,2998
1577,2999
1578,3000
1579,3001
1580,3002
1581,3003
1582,3026
1583,3029
1584,3030
1585,3032
1586,3033
1587,3034
1588,3036
1589,3037
1590,3040
1591,3043
1592,3046
1593,3049
1594,3050
1595,3053
1596,3055
1597,3059
1598,3060
1599,3061
1600,3062
1601,3066
1602,3067
1603,3068
1604,3069
1605,3071
1606,3073
1607,3074
1608,3075
1609,3077
1610,3082
1611,3083
1612,3084
1613,3087
1614,3090
1615,3091
1616,3092
1617,3094
1618,3096
1619,3097
1620,3098
1621,3101
1622,3104
1623,3110
1624,3131
1625,3140
1626,3141
1627,3142
1628,3145
1629,3146
1630,3148
1631,3150
1632,3151
1633,3155
1634,3156
1635,3157
1636,3158
1637,3161
1638,3162
1639,3163
1640,3170
1641,3172
1642,3174
1643,3175
1644,3177
1645,3178
1646,3181
1647,3192
1648,3195
1649,3196
1650,3198
1651,3199
1652,3200
1653,3201
1654,3202
1655,3203
1656,3204
1657,3205
1658,3207
1659,3208
1660,3211
1661,3212
1662,3213
1663,3215
1664,3216
1665,3217
1666,3218
1667,3219
1668,3221
1669,3222
1670,3223
1671,3224
1672,3226
1673,3227
1674,3229
1675,3231
1676,3232
1677,3235
1678,3236
1679,3237
1680,3238
1681,3239
1682,3240
1683,3241
1684,3242
1685,3248
1686,3249
1687,3250
1688,3257
1689,3263
1690,3265
1691,3270
1692,3273
1693,3274
1694,3275
1695,3276
1696,3280
1697,3281
1698,3283
1699,3284
1700,3290
1701,3291
1702,3293
1703,3294
1704,3295
1705,3297
1706,3298
1707,3299
1708,3300
1709,3301
1710,3303
1711,3305
1712,3306
1713,3308
1714,3309
1715,3310
1716,3312
1717,3313
1718,3315
1719,3316
1720,3320
1721,3321
1722,3326
1723,3329
1724,3336
1725,3337
1726,3338
1727,3340
1728,3344
1729,3346
1730,3351
1731,3352
1732,3354
1733,3355
1734,3356
1735,3357
1736,3359
1737,3360
1738,3361
1739,3363
1740,3364
1741,3371
1742,3373
1743,3375
1744,3382
1745,3383
1746,3384
1747,3385
1748,3386
1749,3394
1750,3397
1751,3398
1752,3399
1753,3400
1754,3416
1755,3417
1756,3419
1757,3420
1758,3422
1759,3425
1760,3428
1761,3430
1762,3431
1763,3433
1764,3434
1765,3437
1766,3445
1767,3454
1768,3455
1769,3458
1770,3459
1771,3460
1772,3475
1773,3479
1774,3480
1775,3481
1776,3482
1777,3483
1778,3484
1779,3485
1780,3486
1781,3487
1782,3488
1783,3489
1784,3490
1785,3508
1786,3516
1787,3543
1788,3549
1789,3550
1790,3551
1791,3552
1792,3553
1793,3554
1794,3556
1795,3557
1796,3558
1797,3559
1798,3560
1799,3562
1800,3565
1801,3566
1802,3567
1803,3568
1804,3569
1805,3570
1806,3572
1807,3574
1808,3575
1809,3578
1810,3586
1811,3588
1812,3589
1813,3590
1814,3592
1815,3593
1816,3595
1817,3596
1818,3600
1819,3601
1820,3604
1821,3605
1822,3606
1823,3607
1824,3608
1825,3609
1826,3611
1827,3612
1828,3613
1829,3614
1830,3615
1831,3621
1832,3622
1833,3623
1834,3624
1835,3625
1836,3626
1837,3628
1838,3630
1839,3631
1840,3632
1841,3633
1842,3636
1843,3638
1844,3640
1845,3641
1846,3643
1847,3645
1848,3646
1849,3651
1850,3655
1851,3658
1852,3659
1853,3660
1854,3661
1855,3662
1856,3663
1857,3665
1858,3667
1859,3669
1860,3670
1861,3671
1862,3673
1863,3674
1864,3675
1865,3676
1866,3678
1867,3679
1868,3680
1869,3682
1870,3683
1871,3684
1872,3685
1873,3687
1874,3688
1875,3689
1876,3690
1877,3691
1878,3692
1879,3693
1880,3694
1881,3695
1882,3696
1883,3697
1884,3698
1885,3699
1886,3700
1887,3702
1888,3703
1889,3704
1890,3705
1891,3706
1892,3707
1893,3708
1894,3709
1895,3710
1896,3712
1897,3713
1898,3714
1899,3716
1900,3720
1901,3725
1902,3726
1903,3727
1904,3728
1905,3736
1906,3737
1907,3738
1908,3739
1909,3741
1910,3744
1911,3745
1912,3746
1913,3747
1914,3748
1915,3749
1916,3752
1917,3754
1918,3755
1919,3756
1920,3757
1921,3758
1922,3759
1923,3760
1924,3761
1925,3762
1926,3763
1927,3764
1928,3765
1929,3766
1930,3769
1931,3770
1932,3772
1933,3773
1934,3775
1935,3777
1936,3778
1937,3779
1938,3781
1939,3782
1940,3783
1941,3784
1942,3785
1943,3786
1944,3787
1945,3790
1946,3791
1947,3792
1948,3795
1949,3797
1950,3798
1951,3799
1952,3801
1953,3812
1954,3814
1955,3815
1956,3816
1957,3817
1958,3820
1959,3824
1960,3827
1961,3831
1962,3832
1963,3834
1964,3835
1965,3836
1966,3837
1967,3838
1968,3839
1969,3840
1970,3841
1971,3842
1972,3845
1973,3848
1974,3849
1975,3851
1976,3852
1977,3853
1978,3854
1979,3855
1980,3856
1981,3857
1982,3858
1983,3859
1984,3860
1985,3866
1986,3868
1987,3872
1988,3875
1989,3880
1990,3881
1991,3882
1992,3883
1993,3884
1994,3885
1995,3886
1996,3887
1997,3889
1998,3891
1999,3892
2000,3895
2001,3898
2002,3899
2003,3902
2004,3903
2005,3906
2006,3908
2007,3909
2008,3910
2009,3911
2010,3912
2011,3913
2012,3914
2013,3915
2014,3916
2015,3918
2016,3925
2017,3927
2018,3929
2019,3930
2020,3931
2021,3932
2022,3933
2023,3934
2024,3936
2025,3937
2026,3938
2027,3939
2028,3945
2029,3948
2030,3949
2031,3950
2032,3952
2033,3953
2034,3954
2035,3956
2036,3957
2037,3958
2038,3959
2039,3960
2040,3964
2041,3972
2042,3973
2043,3975
2044,3976
2045,3977
2046,3978
2047,3980
2048,3981
2049,3982
2050,3983
2051,3984
2052,3985
2053,3987
2054,3988
2055,3990
2056,3991
2057,3992
2058,3993
2059,3995
2060,3996
2061,3998
2062,4000
2063,4001
2064,4004
2065,4005
2066,4010
2067,4012
2068,4015
2069,4016
2070,4017
2071,4023
2072,4025
2073,4026
2074,4034
2075,4035
2076,4036
2077,4037
2078,4040
2079,4041
2080,4043
2081,4045
2082,4047
2083,4048
2084,4049
2085,4050
2086,4052
2087,4053
2088,4054
2089,4055
2090,4056
2091,4057
2092,4058
2093,4059
2094,4060
2095,4061
2096,4062
2097,4063
2098,4064
2099,4065
2100,4066
2101,4067
2102,4069
2103,4070
2104,4071
2105,4074
2106,4076
2107,4081
2108,4082
2109,4084
2110,4085
2111,4086
2112,4087
2113,4088
2114,4089
2115,4090
2116,4091
2117,4092
2118,4093
2119,4094
2120,4097
2121,4099
2122,4116
2123,4118
2124,4121
2125,4122
2126,4123
2127,4124
2128,4125
2129,4126
2130,4130
2131,4131
2132,4133
2133,4134
2134,4140
2135,4142
2136,4143
2137,4144
2138,4145
2139,4146
2140,4147
2141,4148
2142,4149
2143,4150
2144,4151
2145,4152
2146,4153
2147,4154
2148,4155
2149,4157
2150,4158
2151,4159
2152,4160
2153,4161
2154,4162
2155,4163
2156,4170
2157,4171
2158,4172
2159,4173
2160,4174
2161,4175
2162,4176
2163,4179
2164,4184
2165,4185
2166,4188
2167,4189
2168,4190
2169,4191
2170,4192
2171,4193
2172,4194
2173,4199
2174,4200
2175,4201
2176,4208
2177,4209
2178,4210
2179,4211
2180,4212
2181,4215
2182,4217
2183,4218
2184,4221
2185,4222
2186,4223
2187,4224
2188,4225
2189,4232
2190,4233
2191,4234
2192,4236
2193,4239
2194,4240
2195,4242
2196,4245
2197,4246
2198,4247
2199,4248
2200,4250
2201,4253
2202,4254
2203,4255
2204,4256
2205,4258
2206,4259
2207,4261
2208,4277
2209,4282
2210,4284
2211,4285
2212,4286
2213,4287
2214,4288
2215,4289
2216,4291
2217,4292
2218,4293
2219,4294
2220,4295
2221,4296
2222,4298
2223,4299
2224,4300
2225,4306
2226,4308
2227,4311
2228,4312
2229,4313
2230,4314
2231,4316
2232,4317
2233,4318
2234,4319
2235,4320
2236,4322
2237,4323
2238,4324
2239,4325
2240,4326
2241,4327
2242,4329
2243,4330
2244,4331
2245,4332
2246,4335
2247,4336
2248,4337
2249,4338
2250,4340
2251,4342
2252,4345
2253,4350
2254,4352
2255,4353
2256,4355
2257,4357
2258,4358
2259,4359
2260,4363
2261,4430
2262,4436
2263,4437
2264,4438
2265,4439
2266,4440
2267,4477
2268,4481
2269,4482
2270,4486
2271,4487
2272,4488
2273,4493
2274,4495
2275,4501
2276,4507
2277,4520
2278,4521
2279,4522
2280,4524
2281,4528
2282,4542
2283,4543
2284,4544
2285,4547
2286,4548
2287,4552
2288,4580
2289,4582
2290,4585
2291,4589
2292,4597
2293,4598
2294,4599
2295,4600
2296,4601
2297,4602
2298,4603
2299,4605
2300,4606
2301,4607
2302,4608
2303,4609
2304,4613
2305,4615
2306,4616
2307,4617
2308,4618
2309,4619
2310,4620
2311,4622
2312,4624
2313,4625
2314,4627
2315,4628
2316,4629
2317,4633
2318,4634
2319,4635
2320,4636
2321,4637
2322,4638
2323,4640
2324,4641
2325,4643
2326,4644
2327,4646
2328,4647
2329,4649
2330,4650
2331,4651
2332,4653
2333,4654
2334,4656
2335,4659
2336,4660
2337,4661
2338,4664
2339,4665
2340,4666
2341,4668
2342,4669
2343,4673
2344,4676
2345,4678
2346,4680
2347,4681
2348,4682
2349,4683
2350,4684
2351,4685
2352,4686
2353,4688
2354,4689
2355,4690
2356,4691
2357,4692
2358,4695
2359,4696
2360,4697
2361,4698
2362,4701
2363,4702
2364,4704
2365,4705
2366,4706
2367,4707
2368,4708
2369,4709
2370,4711
2371,4712
2372,4713
2373,4714
2374,4717
2375,4718
2376,4719
2377,4720
2378,4722
2379,4723
2380,4724
2381,4725
2382,4726
2383,4728
2384,4729
2385,4733
2386,4734
2387,4736
2388,4738
2389,4739
2390,4741
2391,4744
2392,4745
2393,4747
2394,4751
2395,4752
2396,4753
2397,4756
2398,4758
2399,4759
2400,4760
2401,4761
2402,4762
2403,4763
2404,4771
2405,4772
2406,4775
2407,4776
2408,4778
2409,4779
2410,4780
2411,4781
2412,4782
2413,4783
2414,4790
2415,4791
2416,4792
2417,4793
2418,4794
2419,4795
2420,4799
2421,4800
2422,4801
2423,4802
2424,4804
2425,4807
2426,4814
2427,4815
2428,4817
2429,4818
2430,4820
2431,4826
2432,4829
2433,4832
2434,4835
2435,4836
2436,4837
2437,4842
2438,4846
2439,4848
2440,4849
2441,4850
2442,4851
2443,4852
2444,4853
2445,4854
2446,4855
2447,4857
2448,4858
2449,4861
2450,4862
2451,4863
2452,4864
2453,4867
2454,4869
2455,4878
2456,4879
2457,4880
2458,4882
2459,4883
2460,4884
2461,4885
2462,4886
2463,4887
2464,4889
2465,4891
2466,4892
2467,4893
2468,4897
2469,4899
2470,4900
2471,4902
2472,4904
2473,4907
2474,4908
2475,4913
2476,4914
2477,4915
2478,4916
2479,4920
2480,4921
2481,4922
2482,4923
2483,4925
2484,4927
2485,4928
2486,4929
2487,4931
2488,4938
2489,4939
2490,4942
2491,4947
2492,4948
2493,4953
2494,4956
2495,4957
2496,4967
2497,4968
2498,4974
2499,4978
2500,4982
2501,4985
2502,4986
2503,4987
2504,4988
2505,4990
2506,4991
2507,4992
2508,4993
2509,4994
2510,5002
2511,5003
2512,5005
2513,5007
2514,5010
2515,5016
2516,5017
2517,5018
2518,5019
2519,5020
2520,5021
2521,5023
2522,5024
2523,5025
2524,5026
2525,5027
2526,5028
2527,5029
2528,5031
2529,5032
2530,5033
2531,5034
2532,5036
2533,5037
2534,5042
2535,5045
2536,5046
2537,5047
2538,5048
2539,5049
2540,5050
2541,5051
2542,5052
2543,5053
2544,5054
2545,5055
2546,5058
2547,5062
2548,5064
2549,5066
2550,5068
2551,5069
2552,5074
2553,5076
2554,5077
2555,5078
2556,5079
2557,5080
2558,5081
2559,5082
2560,5083
2561,5087
2562,5089
2563,5090
2564,5091
2565,5093
2566,5094
2567,5095
2568,5096
2569,5097
2570,5098
2571,5099
2572,5100
2573,5101
2574,5104
2575,5105
2576,5106
2577,5108
2578,5110
2579,5111
2580,5116
2581,5118
2582,5119
2583,5121
2584,5122
2585,5125
2586,5126
2587,5130
2588,5132
2589,5133
2590,5134
2591,5136
2592,5137
2593,5138
2594,5139
2595,5140
2596,5141
2597,5142
2598,5143
2599,5144
2600,5145
2601,5146
2602,5149
2603,5151
2604,5152
2605,5153
2606,5154
2607,5155
2608,5156
2609,5157
2610,5158
2611,5159
2612,5161
2613,5162
2614,5163
2615,5164
2616,5166
2617,5167
2618,5168
2619,5170
2620,5172
2621,5173
2622,5174
2623,5176
2624,5178
2625,5179
2626,5184
2627,5187
2628,5189
2629,5190
2630,5191
2631,5192
2632,5193
2633,5194
2634,5195
2635,5196
2636,5197
2637,5198
2638,5201
2639,5202
2640,5204
2641,5205
2642,5208
2643,5209
2644,5210
2645,5211
2646,5213
2647,5214
2648,5216
2649,5217
2650,5224
2651,5225
2652,5226
2653,5228
2654,5229
2655,5232
2656,5236
2657,5238
2658,5241
2659,5243
2660,5250
2661,5252
2662,5253
2663,5257
2664,5260
2665,5261
2666,5264
2667,5265
2668,5266
2669,5267
2670,5268
2671,5269
2672,5270
2673,5271
2674,5272
2675,5273
2676,5274
2677,5279
2678,5281
2679,5283
2680,5284
2681,5287
2682,5289
2683,5290
2684,5291
2685,5292
2686,5293
2687,5294
2688,5295
2689,5296
2690,5297
2691,5298
2692,5300
2693,5304
2694,5305
2695,5306
2696,5307
2697,5308
2698,5309
2699,5311
2700,5313
2701,5316
2702,5317
2703,5318
2704,5319
2705,5320
2706,5322
2707,5324
2708,5325
2709,5326
2710,5327
2711,5328
2712,5329
2713,5330
2714,5331
2715,5333
2716,5334
2717,5335
2718,5337
2719,5338
2720,5340
2721,5341
2722,5345
2723,5347
2724,5348
2725,5349
2726,5352
2727,5359
2728,5360
2729,5364
2730,5366
2731,5368
2732,5371
2733,5372
2734,5373
2735,5375
2736,5376
2737,5378
2738,5393
2739,5394
2740,5395
2741,5396
2742,5406
2743,5408
2744,5409
2745,5411
2746,5412
2747,5420
2748,5423
2749,5424
2750,5425
2751,5426
2752,5428
2753,5429
2754,5430
2755,5431
2756,5432
2757,5433
2758,5434
2759,5435
2760,5436
2761,5437
2762,5438
2763,5439
2764,5440
2765,5441
2766,5442
2767,5443
2768,5444
2769,5445
2770,5446
2771,5447
2772,5449
2773,5450
2774,5451
2775,5452
2776,5453
2777,5454
2778,5455
2779,5457
2780,5458
2781,5459
2782,5463
2783,5464
2784,5465
2785,5467
2786,5468
2787,5469
2788,5470
2789,5471
2790,5473
2791,5476
2792,5478
2793,5479
2794,5480
2795,5481
2796,5493
2797,5494
2798,5495
2799,5496
2800,5498
2801,5499
2802,5500
2803,5501
2804,5502
2805,5504
2806,5506
2807,5507
2808,5509
2809,5510
2810,5511
2811,5514
2812,5515
2813,5516
2814,5518
2815,5519
2816,5520
2817,5521
2818,5523
2819,5525
2820,5526
2821,5527
2822,5528
2823,5529
2824,5530
2825,5531
2826,5532
2827,5533
2828,5534
2829,5536
2830,5537
2831,5538
2832,5539
2833,5542
2834,5545
2835,5546
2836,5547
2837,5549
2838,5550
2839,5551
2840,5552
2841,5557
2842,5562
2843,5563
2844,5564
2845,5565
2846,5566
2847,5567
2848,5569
2849,5571
2850,5573
2851,5575
2852,5576
2853,5577
2854,5578
2855,5580
2856,5581
2857,5582
2858,5583
2859,5584
2860,5585
2861,5586
2862,5587
2863,5588
2864,5589
2865,5591
2866,5592
2867,5593
2868,5594
2869,5595
2870,5596
2871,5597
2872,5598
2873,5599
2874,5600
2875,5601
2876,5603
2877,5604
2878,5605
2879,5606
2880,5607
2881,5608
2882,5609
2883,5610
2884,5611
2885,5617
2886,5618
2887,5619
2888,5621
2889,5623
2890,5624
2891,5625
2892,5626
2893,5627
2894,5629
2895,5630
2896,5635
2897,5636
2898,5639
2899,5641
2900,5644
2901,5646
2902,5648
2903,5649
2904,5650
2905,5652
2906,5653
2907,5654
2908,5655
2909,5657
2910,5660
2911,5662
2912,5663
2913,5664
2914,5670
2915,5671
2916,5672
2917,5675
2918,5678
2919,5681
2920,5682
2921,5683
2922,5684
2923,5685
2924,5686
2925,5687
2926,5688
2927,5689
2928,5690
2929,5691
2930,5692
2931,5693
2932,5694
2933,5695
2934,5696
2935,5697
2936,5698
2937,5699
2938,5700
2939,5701
2940,5702
2941,5704
2942,5705
2943,5706
2944,5707
2945,5708
2946,5709
2947,5710
2948,5711
2949,5713
2950,5714
2951,5715
2952,5717
2953,5718
2954,5719
2955,5720
2956,5721
2957,5723
2958,5724
2959,5725
2960,5727
2961,5728
2962,5729
2963,5730
2964,5731
2965,5732
2966,5733
2967,5734
2968,5737
2969,5739
2970,5740
2971,5742
2972,5743
2973,5744
2974,5746
2975,5747
2976,5754
2977,5756
2978,5757
2979,5763
2980,5764
2981,5768
2982,5770
2983,5771
2984,5774
2985,5775
2986,5777
2987,5778
2988,5780
2989,5781
2990,5782
2991,5783
2992,5784
2993,5786
2994,5787
2995,5788
2996,5790
2997,5791
2998,5792
2999,5793
3000,5794
3001,5795
3002,5796
3003,5797
3004,5798
3005,5799
3006,5800
3007,5801
3008,5802
3009,5803
3010,5805
3011,5806
3012,5813
3013,5816
3014,5817
3015,5824
3016,5825
3017,5826
3018,5827
3019,5829
3020,5830
3021,5831
3022,5832
3023,5833
3024,5834
3025,5836
3026,5837
3027,5858
3028,5860
3029,5861
3030,5862
3031,5863
3032,5864
3033,5865
3034,5866
3035,5867
3036,5869
3037,5870
3038,5871
3039,5873
3040,5874
3041,5875
3042,5876
3043,5877
3044,5878
3045,5879
3046,5880
3047,5881
3048,5883
3049,5884
3050,5885
3051,5886
3052,5887
3053,5888
3054,5889
3055,5893
3056,5894
3057,5896
3058,5897
3059,5898
3060,5899
3061,5900
3062,5902
3063,5903
3064,5905
3065,5906
3066,5909
3067,5910
3068,5911
3069,5912
3070,5913
3071,5914
3072,5915
3073,5916
3074,5918
3075,5919
3076,5921
3077,5922
3078,5923
3079,5925
3080,5926
3081,5928
3082,5929
3083,5930
3084,5932
3085,5934
3086,5936
3087,5937
3088,5939
3089,5947
3090,5949
3091,5950
3092,5954
3093,5955
3094,5957
3095,5959
3096,5961
3097,5962
3098,5965
3099,5966
3100,5967
3101,5968
3102,5970
3103,5971
3104,5972
3105,5976
3106,5977
3107,5978
3108,5979
3109,5980
3110,5981
3111,5982
3112,5983
3113,5984
3114,5985
3115,5986
3116,5987
3117,5988
3118,5989
3119,5990
3120,5991
3121,5993
3122,5994
3123,5995
3124,5996
3125,5997
3126,5998
3127,5999
3128,6000
3129,6001
3130,6003
3131,6004
3132,6005
3133,6007
3134,6009
3135,6010
3136,6013
3137,6014
3138,6015
3139,6016
3140,6017
3141,6018
3142,6019
3143,6035
3144,6036
3145,6037
3146,6038
3147,6039
3148,6045
3149,6046
3150,6047
3151,6048
3152,6049
3153,6050
3154,6051
3155,6059
3156,6093
3157,6094
3158,6095
3159,6096
3160,6097
3161,6098
3162,6118
3163,6120
3164,6121
3165,6122
3166,6123
3167,6124
3168,6125
3169,6128
3170,6130
3171,6132
3172,6133
3173,6135
3174,6136
3175,6137
3176,6138
3177,6141
3178,6142
3179,6143
3180,6144
3181,6146
3182,6150
3183,6155
3184,6158
3185,6159
3186,6160
3187,6164
3188,6165
3189,6166
3190,6167
3191,6168
3192,6169
3193,6175
3194,6176
3195,6181
3196,6182
3197,6183
3198,6184
3199,6185
3200,6187
3201,6188
3202,6189
3203,6193
3204,6194
3205,6195
3206,6196
3207,6198
3208,6201
3209,6202
3210,6203
3211,6204
3212,6205
3213,6207
3214,6208
3215,6209
3216,6210
3217,6217
3218,6223
3219,6227
3220,6228
3221,6229
3222,6230
3223,6232
3224,6233
3225,6234
3226,6235
3227,6236
3228,6237
3229,6238
3230,6239
3231,6240
3232,6241
3233,6249
3234,6251
3235,6252
3236,6253
3237,6256
3238,6257
3239,6258
3240,6259
3241,6261
3242,6262
3243,6271
3244,6272
3245,6273
3246,6274
3247,6275
3248,6276
3249,6277
3250,6279
3251,6280
3252,6282
3253,6284
3254,6285
3255,6286
3256,6293
3257,6294
3258,6295
3259,6296
3260,6299
3261,6300
3262,6302
3263,6304
3264,6305
3265,6310
3266,6311
3267,6314
3268,6317
3269,6319
3270,6320
3271,6324
3272,6327
3273,6329
3274,6331
3275,6332
3276,6335
3277,6337
3278,6338
3279,6339
3280,6342
3281,6346
3282,6347
3283,6352
3284,6354
3285,6356
3286,6357
3287,6359
3288,6360
3289,6362
3290,6363
3291,6364
3292,6366
3293,6367
3294,6368
3295,6372
3296,6373
3297,6374
3298,6376
3299,6382
3300,6383
3301,6385
3302,6386
3303,6387
3304,6388
3305,6389
3306,6390
3307,6391
3308,6392
3309,6396
3310,6397
3311,6398
3312,6400
3313,6401
3314,6402
3315,6403
3316,6404
3317,6405
3318,6406
3319,6407
3320,6416
3321,6418
3322,6419
3323,6421
3324,6422
3325,6424
3326,6425
3327,6439
3328,6440
3329,6441
3330,6442
3331,6443
3332,6444
3333,6445
3334,6447
3335,6448
3336,6449
3337,6450
3338,6452
3339,6453
3340,6455
3341,6456
3342,6457
3343,6461
3344,6462
3345,6464
3346,6469
3347,6470
3348,6472
3349,6474
3350,6477
3351,6478
3352,6480
3353,6482
3354,6483
3355,6484
3356,6489
3357,6491
3358,6493
3359,6494
3360,6495
3361,6496
3362,6497
3363,6498
3364,6499
3365,6502
3366,6503
3367,6504
3368,6505
3369,6506
3370,6507
3371,6508
3372,6509
3373,6510
3374,6511
3375,6512
3376,6513
3377,6514
3378,6515
3379,6517
3380,6518
3381,6520
3382,6522
3383,6523
3384,6525
3385,6527
3386,6528
3387,6529
3388,6530
3389,6531
3390,6532
3391,6533
3392,6534
3393,6536
3394,6538
3395,6539
3396,6540
3397,6541
3398,6542
3399,6543
3400,6546
3401,6548
3402,6549
3403,6550
3404,6554
3405,6555
3406,6556
3407,6557
3408,6558
3409,6559
3410,6560
3411,6561
3412,6563
3413,6564
3414,6565
3415,6566
3416,6568
3417,6569
3418,6570
3419,6571
3420,6572
3421,6573
3422,6574
3423,6575
3424,6576
3425,6578
3426,6579
3427,6580
3428,6581
3429,6582
3430,6583
3431,6584
3432,6585
3433,6586
3434,6588
3435,6590
3436,6591
3437,6595
3438,6596
3439,6597
3440,6598
3441,6599
3442,6602
3443,6603
3444,6604
3445,6605
3446,6608
3447,6609
3448,6610
3449,6612
3450,6613
3451,6615
3452,6616
3453,6617
3454,6618
3455,6619
3456,6620
3457,6621
3458,6622
3459,6623
3460,6624
3461,6626
3462,6627
3463,6628
3464,6629
3465,6631
3466,6632
3467,6633
3468,6634
3469,6635
3470,6636
3471,6637
3472,6638
3473,6640
3474,6641
3475,6642
3476,6643
3477,6645
3478,6646
3479,6647
3480,6648
3481,6649
3482,6651
3483,6652
3484,6653
3485,6655
3486,6656
3487,6657
3488,6659
3489,6660
3490,6662
3491,6663
3492,6664
3493,6665
3494,6666
3495,6667
3496,6668
3497,6670
3498,6671
3499,6672
3500,6674
3501,6675
3502,6676
3503,6678
3504,6683
3505,6687
3506,6688
3507,6689
3508,6691
3509,6692
3510,6693
3511,6694
3512,6695
3513,6696
3514,6697
3515,6698
3516,6699
3517,6707
3518,6708
3519,6709
3520,6710
3521,6711
3522,6712
3523,6713
3524,6715
3525,6716
3526,6717
3527,6718
3528,6720
3529,6721
3530,6722
3531,6723
3532,6726
3533,6729
3534,6731
3535,6732
3536,6733
3537,6737
3538,6741
3539,6742
3540,6745
3541,6746
3542,6747
3543,6749
3544,6750
3545,6751
3546,6752
3547,6753
3548,6754
3549,6755
3550,6760
3551,6767
3552,6768
3553,6770
3554,6772
3555,6773
3556,6774
3557,6775
3558,6776
3559,6777
3560,6778
3561,6779
3562,6780
3563,6781
3564,6785
3565,6786
3566,6787
3567,6788
3568,6789
3569,6790
3570,6793
3571,6794
3572,6799
3573,6801
3574,6809
3575,6810
3576,6811
3577,6812
3578,6813
3579,6814
3580,6817
3581,6819
3582,6820
3583,6821
3584,6822
3585,6827
3586,6829
3587,6830
3588,6832
3589,6833
3590,6834
3591,6835
3592,6837
3593,6840
3594,6843
3595,6844
3596,6847
3597,6850
3598,6854
3599,6856
3600,6857
3601,6861
3602,6863
3603,6865
3604,6867
3605,6868
3606,6869
3607,6870
3608,6873
3609,6874
3610,6876
3611,6877
3612,6878
3613,6879
3614,6880
3615,6881
3616,6882
3617,6883
3618,6884
3619,6885
3620,6886
3621,6888
3622,6890
3623,6891
3624,6892
3625,6894
3626,6895
3627,6898
3628,6899
3629,6900
3630,6902
3631,6903
3632,6904
3633,6905
3634,6908
3635,6909
3636,6910
3637,6911
3638,6915
3639,6916
3640,6917
3641,6919
3642,6925
3643,6926
3644,6927
3645,6928
3646,6929
3647,6932
3648,6934
3649,6935
3650,6938
3651,6939
3652,6940
3653,6942
3654,6943
3655,6944
3656,6945
3657,6947
3658,6948
3659,6949
3660,6950
3661,6954
3662,6988
3663,6992
3664,6993
3665,6996
3666,6997
3667,6999
3668,7001
3669,7003
3670,7004
3671,7007
3672,7008
3673,7010
3674,7011
3675,7013
3676,7014
3677,7015
3678,7016
3679,7018
3680,7019
3681,7020
3682,7021
3683,7022
3684,7023
3685,7024
3686,7025
3687,7026
3688,7027
3689,7031
3690,7032
3691,7033
3692,7035
3693,7036
3694,7037
3695,7038
3696,7039
3697,7040
3698,7041
3699,7042
3700,7043
3701,7044
3702,7045
3703,7046
3704,7047
3705,7048
3706,7049
3707,7050
3708,7051
3709,7053
3710,7054
3711,7056
3712,7057
3713,7058
3714,7059
3715,7060
3716,7064
3717,7066
3718,7067
3719,7068
3720,7070
3721,7071
3722,7072
3723,7073
3724,7074
3725,7077
3726,7078
3727,7079
3728,7082
3729,7083
3730,7084
3731,7086
3732,7087
3733,7089
3734,7090
3735,7091
3736,7093
3737,7094
3738,7097
3739,7098
3740,7099
3741,7101
3742,7103
3743,7104
3744,7106
3745,7107
3746,7108
3747,7110
3748,7111
3749,7112
3750,7113
3751,7122
3752,7123
3753,7124
3754,7125
3755,7126
3756,7127
3757,7128
3758,7130
3759,7132
3760,7133
3761,7134
3762,7135
3763,7136
3764,7137
3765,7138
3766,7139
3767,7140
3768,7141
3769,7142
3770,7145
3771,7148
3772,7150
3773,7153
3774,7155
3775,7156
3776,7157
3777,7158
3778,7159
3779,7161
3780,7162
3781,7163
3782,7164
3783,7165
3784,7167
3785,7168
3786,7169
3787,7170
3788,7171
3789,7172
3790,7173
3791,7175
3792,7178
3793,7179
3794,7180
3795,7181
3796,7182
3797,7184
3798,7185
3799,7186
3800,7187
3801,7188
3802,7189
3803,7200
3804,7201
3805,7203
3806,7204
3807,7220
3808,7222
3809,7223
3810,7225
3811,7226
3812,7227
3813,7247
3814,7248
3815,7249
3816,7251
3817,7252
3818,7253
3819,7257
3820,7259
3821,7262
3822,7263
3823,7265
3824,7266
3825,7267
3826,7270
3827,7272
3828,7273
3829,7274
3830,7275
3831,7276
3832,7277
3833,7278
3834,7280
3835,7283
3836,7284
3837,7286
3838,7287
3839,7288
3840,7289
3841,7290
3842,7291
3843,7292
3844,7293
3845,7294
3846,7295
3847,7296
3848,7297
3849,7298
3850,7301
3851,7305
3852,7306
3853,7307
3854,7311
3855,7314
3856,7316
3857,7320
3858,7321
3859,7322
3860,7323
3861,7324
3862,7326
3863,7327
3864,7328
3865,7329
3866,7332
3867,7334
3868,7336
3869,7337
3870,7341
3871,7342
3872,7343
3873,7345
3874,7347
3875,7348
3876,7349
3877,7350
3878,7351
3879,7352
3880,7356
3881,7357
3882,7358
3883,7360
3884,7363
3885,7368
3886,7369
3887,7371
3888,7372
3889,7373
3890,7374
3891,7375
3892,7376
3893,7378
3894,7379
3895,7380
3896,7381
3897,7384
3898,7385
3899,7386
3900,7389
3901,7390
3902,7392
3903,7398
3904,7399
3905,7405
3906,7408
3907,7409
3908,7410
3909,7412
3910,7414
3911,7415
3912,7416
3913,7417
3914,7419
3915,7421
3916,7422
3917,7423
3918,7424
3919,7425
3920,7429
3921,7431
3922,7432
3923,7433
3924,7434
3925,7436
3926,7441
3927,7443
3928,7447
3929,7448
3930,7450
3931,7456
3932,7458
3933,7461
3934,7462
3935,7465
3936,7466
3937,7471
3938,7472
3939,7473
3940,7474
3941,7475
3942,7476
3943,7477
3944,7479
3945,7480
3946,7481
3947,7482
3948,7486
3949,7490
3950,7494
3951,7498
3952,7507
3953,7508
3954,7511
3955,7514
3956,7515
3957,7517
3958,7518
3959,7520
3960,7525
3961,7528
3962,7529
3963,7531
3964,7533
3965,7534
3966,7536
3967,7538
3968,7539
3969,7542
3970,7545
3971,7553
3972,7554
3973,7555
3974,7556
3975,7559
3976,7561
3977,7564
3978,7580
3979,7582
3980,7584
3981,7586
3982,7587
3983,7589
3984,7593
3985,7594
3986,7597
3987,7629
3988,7633
3989,7637
3990,7638
3991,7639
3992,7644
3993,7673
3994,7681
3995,7690
3996,7691
3997,7692
3998,7693
3999,7694
4000,7695
4001,7699
4002,7700
4003,7701
4004,7702
4005,7703
4006,7704
4007,7705
4008,7706
4009,7707
4010,7709
4011,7710
4012,7711
4013,7716
4014,7718
4015,7726
4016,7727
4017,7728
4018,7730
4019,7733
4020,7738
4021,7743
4022,7750
4023,7752
4024,7753
4025,7755
4026,7756
4027,7761
4028,7762
4029,7763
4030,7766
4031,7767
4032,7770
4033,7773
4034,7775
4035,7776
4036,7781
4037,7782
4038,7783
4039,7786
4040,7791
4041,7799
4042,7802
4043,7803
4044,7804
4045,7805
4046,7812
4047,7813
4048,7818
4049,7832
4050,7837
4051,7844
4052,7846
4053,7849
4054,7850
4055,7851
4056,7852
4057,7855
4058,7857
4059,7862
4060,7866
4061,7867
4062,7869
4063,7874
4064,7879
4065,7881
4066,7884
4067,7903
4068,7905
4069,7913
4070,7915
4071,7922
4072,7923
4073,7940
4074,7941
4075,7942
4076,7957
4077,7975
4078,7976
4079,7980
4080,7982
4081,7988
4082,7991
4083,8001
4084,8013
4085,8019
4086,8021
4087,8022
4088,8027
4089,8028
4090,8029
4091,8030
4092,8031
4093,8034
4094,8036
4095,8038
4096,8045
4097,8048
4098,8050
4099,8061
4100,8065
4101,8073
4102,8074
4103,8076
4104,8078
4105,8079
4106,8082
4107,8086
4108,8087
4109,8089
4110,8091
4111,8092
4112,8099
4113,8100
4114,8106
4115,8111
4116,8115
4117,8120
4118,8125
4119,8128
4120,8139
4121,8140
4122,8148
4123,8153
4124,8161
4125,8165
4126,8174
4127,8175
4128,8178
4129,8187
4130,8189
4131,8190
4132,8192
4133,8193
4134,8195
4135,8200
4136,8202
4137,8204
4138,8208
4139,8216
4140,8218
4141,8224
4142,8289
4143,8291
4144,8295
4145,8301
4146,8303
4147,8309
4148,8310
4149,8312
4150,8314
4151,8315
4152,8317
4153,8321
4154,8322
4155,8323
4156,8324
4157,8325
4158,8326
4159,8328
4160,8372
4161,8379
4162,8382
4163,8383
4164,8390
4165,8392
4166,8394
4167,8395
4168,8396
4169,8398
4170,8402
4171,8403
4172,8404
4173,8405
4174,8407
4175,8408
4176,8411
4177,8412
4178,8416
4179,8419
4180,8424
4181,8425
4182,8427
4183,8428
4184,8431
4185,8433
4186,8434
4187,8437
4188,8438
4189,8439
4190,8443
4191,8444
4192,8445
4193,8446
4194,8448
4195,8449
4196,8451
4197,8452
4198,8453
4199,8454
4200,8455
4201,8456
4202,8458
4203,8459
4204,8460
4205,8462
4206,8464
4207,8467
4208,8470
4209,8476
4210,8477
4211,8479
4212,8480
4213,8482
4214,8483
4215,8484
4216,8490
4217,8491
4218,8492
4219,8493
4220,8496
4221,8498
4222,8499
4223,8500
4224,8501
4225,8502
4226,8503
4227,8504
4228,8506
4229,8507
4230,8508
4231,8509
4232,8513
4233,8514
4234,8515
4235,8516
4236,8519
4237,8520
4238,8521
4239,8522
4240,8525
4241,8526
4242,8527
4243,8528
4244,8529
4245,8530
4246,8532
4247,8533
4248,8534
4249,8535
4250,8536
4251,8537
4252,8538
4253,8539
4254,8540
4255,8541
4256,8542
4257,8543
4258,8545
4259,8546
4260,8547
4261,8548
4262,8549
4263,8550
4264,8554
4265,8555
4266,8556
4267,8557
4268,8558
4269,8559
4270,8560
4271,8563
4272,8564
4273,8566
4274,8567
4275,8569
4276,8570
4277,8572
4278,8574
4279,8575
4280,8576
4281,8577
4282,8578
4283,8581
4284,8590
4285,8601
4286,8604
4287,8605
4288,8607
4289,8609
4290,8614
4291,8620
4292,8622
4293,8625
4294,8626
4295,8629
4296,8630
4297,8631
4298,8632
4299,8633
4300,8635
4301,8636
4302,8638
4303,8639
4304,8642
4305,8643
4306,8645
4307,8646
4308,8647
4309,8650
4310,8651
4311,8654
4312,8655
4313,8658
4314,8659
4315,8660
4316,8661
4317,8662
4318,8664
4319,8665
4320,8666
4321,8667
4322,8668
4323,8669
4324,8671
4325,8672
4326,8673
4327,8674
4328,8675
4329,8676
4330,8677
4331,8678
4332,8682
4333,8685
4334,8687
4335,8689
4336,8690
4337,8692
4338,8693
4339,8694
4340,8697
4341,8702
4342,8703
4343,8704
4344,8706
4345,8707
4346,8708
4347,8710
4348,8711
4349,8714
4350,8715
4351,8717
4352,8718
4353,8720
4354,8722
4355,8723
4356,8724
4357,8726
4358,8727
4359,8728
4360,8729
4361,8731
4362,8732
4363,8733
4364,8736
4365,8738
4366,8739
4367,8740
4368,8742
4369,8743
4370,8744
4371,8745
4372,8749
4373,8751
4374,8754
4375,8756
4376,8760
4377,8761
4378,8763
4379,8766
4380,8767
4381,8772
4382,8773
4383,8775
4384,8777
4385,8780
4386,8785
4387,8786
4388,8787
4389,8788
4390,8789
4391,8790
4392,8792
4393,8793
4394,8794
4395,8795
4396,8796
4397,8798
4398,8799
4399,8800
4400,8802
4401,8803
4402,8804
4403,8805
4404,8807
4405,8808
4406,8811
4407,8812
4408,8813
4409,8814
4410,8815
4411,8817
4412,8818
4413,8819
4414,8820
4415,8822
4416,8824
4417,8825
4418,8826
4419,8828
4420,8829
4421,8832
4422,8833
4423,8834
4424,8835
4425,8836
4426,8837
4427,8841
4428,8842
4429,8844
4430,8846
4431,8847
4432,8848
4433,8851
4434,8854
4435,8856
4436,8857
4437,8858
4438,8859
4439,8861
4440,8863
4441,8864
4442,8869
4443,8870
4444,8871
4445,8872
4446,8874
4447,8875
4448,8876
4449,8877
4450,8878
4451,8880
4452,8881
4453,8884
4454,8886
4455,8887
4456,8888
4457,8890
4458,8891
4459,8892
4460,8893
4461,8894
4462,8895
4463,8896
4464,8897
4465,8899
4466,8900
4467,8904
4468,8906
4469,8910
4470,8912
4471,8913
4472,8914
4473,8915
4474,8916
4475,8924
4476,8925
4477,8927
4478,8928
4479,8929
4480,8930
4481,8932
4482,8935
4483,8936
4484,8938
4485,8940
4486,8941
4487,8943
4488,8945
4489,8972
4490,8973
4491,8974
4492,8975
4493,8985
4494,8986
4495,8988
4496,8989
4497,8991
4498,8992
4499,8993
4500,8994
4501,8995
4502,8996
4503,8997
4504,8999
4505,9001
4506,9002
4507,9013
4508,9014
4509,9015
4510,9019
4511,9020
4512,9021
4513,9022
4514,9023
4515,9024
4516,9025
4517,9027
4518,9028
4519,9031
4520,9032
4521,9033
4522,9037
4523,9038
4524,9040
4525,9043
4526,9044
4527,9045
4528,9047
4529,9048
4530,9049
4531,9050
4532,9051
4533,9052
4534,9053
4535,9054
4536,9055
4537,9056
4538,9057
4539,9058
4540,9060
4541,9061
4542,9064
4543,9070
4544,9071
4545,9073
4546,9074
4547,9076
4548,9077
4549,9079
4550,9080
4551,9088
4552,9091
4553,9092
4554,9093
4555,9094
4556,9095
4557,9097
4558,9098
4559,9099
4560,9100
4561,9101
4562,9107
4563,9110
4564,9111
4565,9112
4566,9113
4567,9114
4568,9118
4569,9119
4570,9120
4571,9121
4572,9123
4573,9124
4574,9126
4575,9128
4576,9129
4577,9132
4578,9133
4579,9134
4580,9135
4581,9136
4582,9139
4583,9140
4584,9141
4585,9143
4586,9144
4587,9145
4588,9146
4589,9149
4590,9150
4591,9152
4592,9153
4593,9154
4594,9156
4595,9158
4596,9159
4597,9162
4598,9166
4599,9167
4600,9168
4601,9172
4602,9173
4603,9175
4604,9177
4605,9179
4606,9180
4607,9181
4608,9183
4609,9184
4610,9188
4611,9191
4612,9194
4613,9196
4614,9197
4615,9201
4616,9202
4617,9204
4618,9205
4619,9208
4620,9209
4621,9211
4622,9212
4623,9217
4624,9218
4625,9219
4626,9221
4627,9223
4628,9227
4629,9229
4630,9230
4631,9231
4632,9232
4633,9235
4634,9236
4635,9238
4636,9240
4637,9242
4638,9244
4639,9245
4640,9246
4641,9247
4642,9249
4643,9252
4644,9254
4645,9258
4646,9260
4647,9261
4648,9262
4649,9263
4650,9270
4651,9274
4652,9275
4653,9276
4654,9277
4655,9278
4656,9283
4657,9287
4658,9296
4659,9306
4660,9308
4661,9312
4662,9313
4663,9314
4664,9317
4665,9318
4666,9319
4667,9320
4668,9321
4669,9322
4670,9324
4671,9325
4672,9326
4673,9328
4674,9329
4675,9330
4676,9331
4677,9333
4678,9334
4679,9337
4680,9340
4681,9341
4682,9342
4683,9344
4684,9348
4685,9349
4686,9350
4687,9351
4688,9352
4689,9353
4690,9354
4691,9355
4692,9356
4693,9358
4694,9360
4695,9361
4696,9362
4697,9364
4698,9365
4699,9368
4700,9369
4701,9370
4702,9371
4703,9372
4704,9373
4705,9374
4706,9375
4707,9376
4708,9377
4709,9378
4710,9379
4711,9380
4712,9381
4713,9388
4714,9389
4715,9390
4716,9391
4717,9392
4718,9397
4719,9399
4720,9400
4721,9401
4722,9402
4723,9404
4724,9409
4725,9412
4726,9414
4727,9415
4728,9416
4729,9419
4730,9420
4731,9421
4732,9422
4733,9423
4734,9425
4735,9427
4736,9429
4737,9435
4738,9436
4739,9437
4740,9439
4741,9440
4742,9442
4743,9443
4744,9444
4745,9445
4746,9446
4747,9447
4748,9448
4749,9450
4750,9453
4751,9454
4752,9456
4753,9457
4754,9462
4755,9463
4756,9466
4757,9469
4758,9470
4759,9472
4760,9474
4761,9477
4762,9478
4763,9479
4764,9480
4765,9482
4766,9486
4767,9487
4768,9488
4769,9493
4770,9495
4771,9496
4772,9498
4773,9499
4774,9501
4775,9508
4776,9509
4777,9510
4778,9512
4779,9513
4780,9514
4781,9516
4782,9517
4783,9518
4784,9519
4785,9521
4786,9522
4787,9525
4788,9526
4789,9527
4790,9528
4791,9529
4792,9530
4793,9531
4794,9532
4795,9533
4796,9534
4797,9535
4798,9536
4799,9537
4800,9538
4801,9540
4802,9542
4803,9545
4804,9546
4805,9547
4806,9550
4807,9552
4808,9553
4809,9557
4810,9559
4811,9562
4812,9563
4813,9567
4814,9568
4815,9569
4816,9570
4817,9572
4818,9573
4819,9575
4820,9576
4821,9578
4822,9581
4823,9584
4824,9586
4825,9587
4826,9588
4827,9589
4828,9590
4829,9592
4830,9601
4831,9603
4832,9604
4833,9607
4834,9609
4835,9610
4836,9611
4837,9612
4838,9616
4839,9617
4840,9618
4841,9619
4842,9620
4843,9623
4844,9625
4845,9627
4846,9628
4847,9630
4848,9631
4849,9632
4850,9635
4851,9636
4852,9638
4853,9639
4854,9640
4855,9641
4856,9645
4857,9646
4858,9647
4859,9648
4860,9649
4861,9650
4862,9653
4863,9654
4864,9655
4865,9656
4866,9657
4867,9659
4868,9663
4869,9666
4870,9667
4871,9668
4872,9669
4873,9670
4874,9673
4875,9679
4876,9684
4877,9686
4878,9687
4879,9688
4880,9689
4881,9690
4882,9695
4883,9697
4884,9698
4885,9700
4886,9702
4887,9704
4888,9705
4889,9706
4890,9708
4891,9709
4892,9712
4893,9715
4894,9718
4895,9719
4896,9722
4897,9723
4898,9724
4899,9725
4900,9726
4901,9732
4902,9733
4903,9734
4904,9735
4905,9739
4906,9741
4907,9742
4908,9745
4909,9746
4910,9748
4911,9749
4912,9751
4913,9752
4914,9753
4915,9759
4916,9764
4917,9765
4918,9770
4919,9774
4920,9775
4921,9777
4922,9778
4923,9779
4924,9781
4925,9782
4926,9783
4927,9784
4928,9785
4929,9786
4930,9788
4931,9789
4932,9790
4933,9791
4934,9792
4935,9793
4936,9794
4937,9796
4938,9797
4939,9801
4940,9802
4941,9804
4942,9805
4943,9806
4944,9810
4945,9814
4946,9815
4947,9817
4948,9819
4949,9820
4950,9821
4951,9825
4952,9826
4953,9828
4954,9829
4955,9830
4956,9831
4957,9832
4958,9833
4959,9836
4960,9839
4961,9844
4962,9846
4963,9851
4964,9852
4965,9853
4966,9855
4967,9857
4968,9859
4969,9860
4970,9861
4971,9862
4972,9863
4973,9869
4974,9871
4975,9873
4976,9874
4977,9877
4978,9878
4979,9882
4980,9883
4981,9885
4982,9886
4983,9887
4984,9889
4985,9891
4986,9892
4987,9896
4988,9898
4989,9899
4990,9900
4991,9901
4992,9902
4993,9903
4994,9904
4995,9905
4996,9908
4997,9910
4998,9911
4999,9913
5000,9915
5001,9917
5002,9918
5003,9919
5004,9921
5005,9922
5006,9923
5007,9925
5008,9926
5009,9927
5010,9928
5011,9929
5012,9931
5013,9934
5014,9935
5015,9937
5016,9938
5017,9939
5018,9940
5019,9942
5020,9943
5021,9945
5022,9946
5023,9948
5024,9950
5025,9953
5026,9955
5027,9956
5028,9957
5029,9958
5030,9962
5031,9966
5032,9967
5033,9970
5034,9971
5035,9972
5036,9973
5037,9975
5038,9976
5039,9978
5040,9982
5041,9984
5042,9986
5043,9988
5044,9989
5045,9990
5046,9993
5047,9994
5048,9997
5049,10000
5050,10001
5051,10002
5052,10003
5053,10005
5054,10006
5055,10007
5056,10014
5057,10015
5058,10016
5059,10017
5060,10019
5061,10020
5062,10021
5063,10022
5064,10023
5065,10024
5066,10025
5067,10026
5068,10036
5069,10038
5070,10039
5071,10043
5072,10045
5073,10047
5074,10048
5075,10049
5076,10051
5077,10055
5078,10057
5079,10058
5080,10059
5081,10060
5082,10061
5083,10062
5084,10063
5085,10066
5086,10067
5087,10069
5088,10072
5089,10073
5090,10076
5091,10077
5092,10079
5093,10083
5094,10085
5095,10089
5096,10090
5097,10092
5098,10093
5099,10094
5100,10095
5101,10096
5102,10097
5103,10098
5104,10099
5105,10100
5106,10101
5107,10102
5108,10103
5109,10105
5110,10106
5111,10107
5112,10109
5113,10110
5114,10111
5115,10112
5116,10113
5117,10114
5118,10116
5119,10120
5120,10121
5121,10123
5122,10124
5123,10125
5124,10126
5125,10127
5126,10128
5127,10129
5128,10130
5129,10131
5130,10133
5131,10137
5132,10138
5133,10139
5134,10140
5135,10142
5136,10146
5137,10148
5138,10150
5139,10152
5140,10153
5141,10155
5142,10157
5143,10158
5144,10160
5145,10164
5146,10165
5147,10166
5148,10168
5149,10169
5150,10171
5151,10174
5152,10179
5153,10180
5154,10181
5155,10184
5156,10188
5157,10190
5158,10193
5159,10195
5160,10197
5161,10198
5162,10199
5163,10200
5164,10201
5165,10203
5166,10204
5167,10205
5168,10206
5169,10208
5170,10209
5171,10210
5172,10211
5173,10213
5174,10215
5175,10216
5176,10217
5177,10218
5178,10219
5179,10220
5180,10221
5181,10223
5182,10225
5183,10228
5184,10229
5185,10230
5186,10231
5187,10232
5188,10233
5189,10234
5190,10235
5191,10236
5192,10237
5193,10240
5194,10241
5195,10242
5196,10243
5197,10244
5198,10246
5199,10248
5200,10249
5201,10250
5202,10252
5203,10253
5204,10254
5205,10255
5206,10257
5207,10260
5208,10262
5209,10263
5210,10265
5211,10266
5212,10267
5213,10268
5214,10269
5215,10270
5216,10272
5217,10274
5218,10276
5219,10277
5220,10278
5221,10279
5222,10282
5223,10284
5224,10285
5225,10286
5226,10287
5227,10288
5228,10289
5229,10290
5230,10291
5231,10293
5232,10294
5233,10295
5234,10296
5235,10297
5236,10298
5237,10300
5238,10307
5239,10308
5240,10309
5241,10312
5242,10313
5243,10314
5244,10316
5245,10317
5246,10318
5247,10319
5248,10320
5249,10322
5250,10327
5251,10331
5252,10332
5253,10333
5254,10336
5255,10342
5256,10343
5257,10346
5258,10347
5259,10351
5260,10352
5261,10360
5262,10362
5263,10363
5264,10365
5265,10368
5266,10369
5267,10370
5268,10371
5269,10376
5270,10381
5271,10384
5272,10385
5273,10388
5274,10390
5275,10391
5276,10392
5277,10393
5278,10394
5279,10395
5280,10396
5281,10397
5282,10400
5283,10401
5284,10402
5285,10403
5286,10406
5287,10409
5288,10410
5289,10411
5290,10413
5291,10417
5292,10418
5293,10419
5294,10420
5295,10421
5296,10422
5297,10423
5298,10424
5299,10425
5300,10426
5301,10427
5302,10428
5303,10430
5304,10432
5305,10434
5306,10435
5307,10436
5308,10437
5309,10438
5310,10439
5311,10440
5312,10444
5313,10445
5314,10446
5315,10447
5316,10449
5317,10450
5318,10451
5319,10452
5320,10456
5321,10457
5322,10458
5323,10460
5324,10461
5325,10462
5326,10463
5327,10465
5328,10466
5329,10467
5330,10468
5331,10469
5332,10471
5333,10473
5334,10475
5335,10477
5336,10478
5337,10480
5338,10481
5339,10482
5340,10483
5341,10484
5342,10486
5343,10487
5344,10488
5345,10489
5346,10490
5347,10491
5348,10492
5349,10493
5350,10494
5351,10497
5352,10498
5353,10499
5354,10500
5355,10501
5356,10505
5357,10507
5358,10512
5359,10513
5360,10514
5361,10516
5362,10517
5363,10518
5364,10519
5365,10520
5366,10521
5367,10523
5368,10525
5369,10526
5370,10529
5371,10533
5372,10535
5373,10538
5374,10539
5375,10540
5376,10541
5377,10544
5378,10548
5379,10550
5380,10551
5381,10552
5382,10553
5383,10554
5384,10555
5385,10556
5386,10557
5387,10558
5388,10559
5389,10560
5390,10561
5391,10562
5392,10563
5393,10564
5394,10565
5395,10566
5396,10568
5397,10570
5398,10572
5399,10573
5400,10574
5401,10575
5402,10576
5403,10577
5404,10578
5405,10580
5406,10581
5407,10584
5408,10585
5409,10586
5410,10587
5411,10588
5412,10589
5413,10590
5414,10592
5415,10594
5416,10598
5417,10599
5418,10600
5419,10602
5420,10605
5421,10606
5422,10607
5423,10608
5424,10610
5425,10611
5426,10612
5427,10613
5428,10615
5429,10617
5430,10618
5431,10620
5432,10621
5433,10622
5434,10623
5435,10625
5436,10628
5437,10629
5438,10630
5439,10633
5440,10634
5441,10635
5442,10636
5443,10637
5444,10640
5445,10643
5446,10644
5447,10647
5448,10648
5449,10651
5450,10652
5451,10653
5452,10654
5453,10656
5454,10657
5455,10660
5456,10661
5457,10663
5458,10664
5459,10666
5460,10667
5461,10668
5462,10669
5463,10670
5464,10671
5465,10672
5466,10675
5467,10677
5468,10681
5469,10683
5470,10686
5471,10687
5472,10690
5473,10691
5474,10693
5475,10694
5476,10699
5477,10714
5478,10716
5479,10723
5480,10725
5481,10726
5482,10728
5483,10730
5484,10732
5485,10733
5486,10734
5487,10736
5488,10738
5489,10741
5490,10744
5491,10745
5492,10747
5493,10749
5494,10752
5495,10753
5496,10755
5497,10758
5498,10763
5499,10766
5500,10767
5501,10768
5502,10769
5503,10771
5504,10773
5505,10775
5506,10781
5507,10782
5508,10785
5509,10787
5510,10788
5511,10791
5512,10793
5513,10794
5514,10797
5515,10798
5516,10803
5517,10808
5518,10810
5519,10814
5520,10817
5521,10840
5522,10844
5523,10845
5524,10846
5525,10847
5526,10848
5527,10850
5528,10855
5529,10856
5530,10858
5531,10861
5532,10864
5533,10865
5534,10866
5535,10867
5536,10868
5537,10871
5538,10873
5539,10874
5540,10880
5541,10881
5542,10882
5543,10884
5544,10885
5545,10891
5546,10892
5547,10893
5548,10894
5549,10897
5550,10898
5551,10899
5552,10900
5553,10902
5554,10903
5555,10904
5556,10905
5557,10906
5558,10907
5559,10908
5560,10911
5561,10912
5562,10913
5563,10914
5564,10915
5565,10919
5566,10920
5567,10921
5568,10922
5569,10923
5570,10924
5571,10926
5572,10927
5573,10928
5574,10930
5575,10933
5576,10935
5577,10936
5578,10938
5579,10942
5580,10944
5581,10945
5582,10946
5583,10947
5584,10948
5585,10949
5586,10950
5587,10951
5588,10952
5589,10953
5590,10954
5591,10955
5592,10956
5593,10957
5594,10959
5595,10960
5596,10961
5597,10962
5598,10963
5599,10964
5600,10966
5601,10969
5602,10970
5603,10971
5604,10972
5605,10973
5606,10980
5607,10981
5608,10982
5609,10983
5610,10987
5611,10988
5612,10989
5613,10990
5614,10991
5615,10992
5616,10993
5617,10994
5618,10998
5619,11000
5620,11001
5621,11004
5622,11005
5623,11006
5624,11007
5625,11009
5626,11014
5627,11015
5628,11016
5629,11018
5630,11019
5631,11021
5632,11024
5633,11026
5634,11027
5635,11030
5636,11031
5637,11034
5638,11037
5639,11045
5640,11046
5641,11047
5642,11051
5643,11052
5644,11054
5645,11055
5646,11056
5647,11057
5648,11059
5649,11060
5650,11062
5651,11063
5652,11065
5653,11068
5654,11070
5655,11072
5656,11073
5657,11074
5658,11075
5659,11077
5660,11078
5661,11079
5662,11080
5663,11083
5664,11085
5665,11086
5666,11093
5667,11095
5668,11096
5669,11098
5670,11099
5671,11103
5672,11104
5673,11107
5674,11108
5675,11113
5676,11117
5677,11118
5678,11119
5679,11120
5680,11122
5681,11123
5682,11126
5683,11130
5684,11132
5685,11135
5686,11136
5687,11137
5688,11138
5689,11140
5690,11142
5691,11144
5692,11146
5693,11147
5694,11151
5695,11154
5696,11155
5697,11156
5698,11157
5699,11160
5700,11163
5701,11165
5702,11166
5703,11167
5704,11168
5705,11169
5706,11170
5707,11171
5708,11172
5709,11174
5710,11176
5711,11177
5712,11178
5713,11180
5714,11182
5715,11183
5716,11184
5717,11186
5718,11187
5719,11188
5720,11190
5721,11193
5722,11194
5723,11196
5724,11197
5725,11198
5726,11200
5727,11201
5728,11202
5729,11211
5730,11213
5731,11214
5732,11215
5733,11216
5734,11221
5735,11222
5736,11224
5737,11226
5738,11228
5739,11231
5740,11232
5741,11234
5742,11235
5743,11236
5744,11240
5745,11243
5746,11245
5747,11247
5748,11248
5749,11250
5750,11253
5751,11255
5752,11258
5753,11259
5754,11262
5755,11264
5756,11266
5757,11267
5758,11272
5759,11273
5760,11274
5761,11278
5762,11281
5763,11282
5764,11284
5765,11285
5766,11309
5767,11311
5768,11313
5769,11315
5770,11316
5771,11317
5772,11319
5773,11320
5774,11322
5775,11325
5776,11329
5777,11330
5778,11331
5779,11332
5780,11333
5781,11334
5782,11335
5783,11336
5784,11337
5785,11338
5786,11339
5787,11341
5788,11342
5789,11343
5790,11344
5791,11345
5792,22794
5793,22795
5794,22796
5795,22797
5796,22800
5797,22806
5798,22807
5799,22808
5800,22809
5801,22818
5802,22822
5803,22823
5804,22827
5805,22834
5806,22836
5807,22837
5808,22838
5809,22839
5810,22841
5811,22843
5812,22844
5813,22845
5814,22846
5815,22847
5816,22848
5817,22849
5818,22852
5819,22853
5820,22854
5821,22856
5822,22864
5823,22865
5824,22868
5825,22871
5826,22872
5827,22873
5828,22874
5829,22876
5830,22877
5831,22879
5832,22880
5833,22882
5834,22883
5835,22884
5836,22885
5837,22887
5838,22888
5839,22890
5840,22891
5841,22893
5842,22894
5843,22895
5844,22898
5845,22899
5846,22900
5847,22902
5848,22903
5849,22904
5850,22905
5851,22906
5852,22907
5853,22908
5854,22911
5855,22913
5856,22915
5857,22916
5858,22918
5859,22919
5860,22920
5861,22921
5862,22924
5863,22925
5864,22926
5865,22927
5866,22928
5867,22929
5868,22930
5869,22933
5870,22934
5871,22936
5872,22937
5873,22938
5874,22941
5875,22943
5876,22944
5877,22948
5878,22950
5879,22955
5880,22974
5881,22977
5882,22980
5883,22982
5884,22983
5885,22984
5886,22985
5887,22986
5888,22998
5889,23001
5890,23002
5891,23011
5892,23013
5893,23014
5894,23016
5895,23017
5896,23019
5897,23023
5898,23024
5899,23026
5900,23029
5901,23032
5902,23034
5903,23038
5904,23039
5905,23047
5906,23048
5907,23049
5908,23051
5909,23054
5910,23057
5911,23061
5912,23062
5913,23064
5914,23067
5915,23072
5916,23075
5917,23076
5918,23077
5919,23082
5920,23085
5921,23086
5922,23089
5923,23091
5924,23092
5925,23093
5926,23095
5927,23098
5928,23099
5929,23101
5930,23107
5931,23114
5932,23122
5933,23125
5934,23126
5935,23129
5936,23136
5937,23137
5938,23140
5939,23142
5940,23144
5941,23152
5942,23154
5943,23155
5944,23158
5945,23163
5946,23165
5947,23166
5948,23168
5949,23169
5950,23170
5951,23171
5952,23173
5953,23174
5954,23175
5955,23177
5956,23178
5957,23179
5958,23180
5959,23186
5960,23187
5961,23191
5962,23193
5963,23195
5964,23196
5965,23198
5966,23200
5967,23203
5968,23204
5969,23205
5970,23208
5971,23209
5972,23212
5973,23213
5974,23216
5975,23219
5976,23221
5977,23223
5978,23224
5979,23225
5980,23230
5981,23236
5982,23237
5983,23245
5984,23246
5985,23253
5986,23256
5987,23263
5988,23264
5989,23265
5990,23268
5991,23270
5992,23275
5993,23276
5994,23279
5995,23283
5996,23286
5997,23287
5998,23293
5999,23294
6000,23299
6001,23301
6002,23303
6003,23304
6004,23305
6005,23310
6006,23312
6007,23314
6008,23315
6009,23321
6010,23328
6011,23335
6012,23339
6013,23345
6014,23348
6015,23352
6016,23357
6017,23362
6018,23363
6019,23365
6020,23366
6021,23367
6022,23368
6023,23373
6024,23381
6025,23385
6026,23386
6027,23389
6028,23394
6029,23395
6030,23397
6031,23398
6032,23400
6033,23401
6034,23404
6035,23405
6036,23406
6037,23408
6038,23409
6039,23410
6040,23411
6041,23412
6042,23415
6043,23418
6044,23421
6045,23423
6046,23424
6047,23426
6048,23428
6049,23429
6050,23430
6051,23432
6052,23433
6053,23435
6054,23438
6055,23443
6056,23450
6057,23451
6058,23452
6059,23457
6060,23460
6061,23461
6062,23462
6063,23463
6064,23464
6065,23466
6066,23468
6067,23469
6068,23471
6069,23473
6070,23474
6071,23475
6072,23476
6073,23478
6074,23479
6075,23480
6076,23481
6077,23483
6078,23484
6079,23491
6080,23492
6081,23493
6082,23495
6083,23498
6084,23499
6085,23500
6086,23503
6087,23504
6088,23509
6089,23510
6090,23511
6091,23512
6092,23513
6093,23515
6094,23516
6095,23518
6096,23519
6097,23523
6098,23524
6099,23528
6100,23530
6101,23531
6102,23532
6103,23533
6104,23534
6105,23536
6106,23539
6107,23541
6108,23542
6109,23544
6110,23546
6111,23547
6112,23548
6113,23549
6114,23550
6115,23554
6116,23555
6117,23558
6118,23562
6119,23564
6120,23568
6121,23569
6122,23576
6123,23580
6124,23583
6125,23585
6126,23586
6127,23588
6128,23589
6129,23592
6130,23593
6131,23598
6132,23600
6133,23601
6134,23603
6135,23604
6136,23607
6137,23609
6138,23612
6139,23613
6140,23616
6141,23619
6142,23620
6143,23621
6144,23623
6145,23624
6146,23625
6147,23626
6148,23627
6149,23633
6150,23635
6151,23636
6152,23637
6153,23640
6154,23643
6155,23644
6156,23645
6157,23647
6158,23648
6159,23649
6160,23650
6161,23657
6162,23658
6163,23660
6164,23677
6165,23678
6166,23682
6167,23683
6168,23704
6169,23705
6170,23710
6171,23743
6172,23746
6173,23753
6174,23759
6175,23760
6176,23761
6177,23764
6178,23765
6179,23767
6180,23768
6181,23769
6182,23770
6183,23774
6184,23786
6185,23787
6186,23788
6187,24138
6188,24139
6189,24144
6190,24145
6191,24146
6192,24148
6193,24149
6194,25769
6195,25770
6196,25771
6197,25776
6198,25780
6199,25782
6200,25788
6201,25789
6202,25792
6203,25793
6204,25796
6205,25799
6206,25800
6207,25801
6208,25802
6209,25803
6210,25804
6211,25805
6212,25806
6213,25807
6214,25809
6215,25813
6216,25814
6217,25816
6218,25818
6219,25820
6220,25821
6221,25823
6222,25825
6223,25827
6224,25829
6225,25830
6226,25833
6227,25834
6228,25836
6229,25837
6230,25839
6231,25840
6232,25841
6233,25844
6234,25847
6235,25850
6236,25852
6237,25859
6238,25864
6239,25865
6240,25873
6241,25875
6242,25876
6243,25880
6244,25888
6245,25893
6246,25896
6247,25897
6248,25898
6249,25901
6250,25903
6251,25907
6252,25909
6253,25912
6254,25913
6255,25924
6256,25926
6257,25928
6258,25932
6259,25936
6260,25937
6261,25939
6262,25940
6263,25949
6264,25956
6265,25963
6266,25972
6267,25976
6268,25978
6269,25979
6270,25984
6271,25987
6272,25996
6273,25999
6274,26000
6275,26001
6276,26002
6277,26003
6278,26009
6279,26015
6280,26017
6281,26018
6282,26019
6283,26020
6284,26024
6285,26027
6286,26031
6287,26033
6288,26037
6289,26038
6290,26039
6291,26040
6292,26047
6293,26050
6294,26051
6295,26052
6296,26053
6297,26054
6298,26056
6299,26059
6300,26060
6301,26063
6302,26064
6303,26065
6304,26073
6305,26085
6306,26088
6307,26091
6308,26092
6309,26093
6310,26100
6311,26103
6312,26108
6313,26112
6314,26118
6315,26121
6316,26133
6317,26135
6318,26136
6319,26137
6320,26140
6321,26145
6322,26150
6323,26151
6324,26152
6325,26155
6326,26156
6327,26173
6328,26189
6329,26191
6330,26206
6331,26212
6332,26225
6333,26227
6334,26228
6335,26229
6336,26232
6337,26233
6338,26234
6339,26235
6340,26239
6341,26240
6342,26249
6343,26251
6344,26253
6345,26256
6346,26261
6347,26266
6348,26271
6349,26273
6350,26275
6351,26276
6352,26277
6353,26278
6354,26279
6355,26281
6356,26284
6357,26285
6358,26286
6359,26287
6360,26289
6361,26290
6362,26291
6363,26292
6364,26297
6365,26298
6366,26330
6367,26333
6368,26353
6369,26354
6370,26468
6371,26469
6372,26470
6373,26471
6374,26476
6375,26499
6376,26503
6377,26504
6378,26505
6379,26507
6380,26508
6381,26511
6382,26512
6383,26517
6384,26519
6385,26520
6386,26521
6387,26528
6388,26529
6389,26532
6390,26538
6391,26574
6392,26575
6393,26577
6394,26578
6395,26580
6396,26585
6397,26586
6398,26589
6399,26608
6400,26610
6401,26658
6402,26659
6403,26664
6404,26747
6405,26750
6406,26751
6407,26872
6408,26953
6409,26960
6410,26973
6411,26984
6412,26986
6413,26993
6414,26994
6415,26998
6416,26999
6417,27005
6418,27006
6419,27010
6420,27012
6421,27019
6422,27020
6423,27022
6424,27023
6425,27030
6426,27032
6427,27033
6428,27034
6429,27036
6430,27040
6431,27044
6432,27067
6433,27068
6434,27071
6435,27072
6436,27074
6437,27075
6438,27076
6439,27079
6440,27087
6441,27089
6442,27090
6443,27091
6444,27092
6445,27094
6446,27095
6447,27097
6448,27098
6449,27101
6450,27102
6451,27107
6452,27113
6453,27115
6454,27120
6455,27121
6456,27122
6457,27123
6458,27125
6459,27130
6460,27131
6461,27132
6462,27134
6463,27136
6464,27141
6465,27158
6466,27159
6467,27165
6468,27180
6469,27183
6470,27185
6471,27190
6472,27229
6473,27230
6474,27232
6475,27236
6476,27237
6477,27239
6478,27240
6479,27241
6480,27242
6481,27243
6482,27244
6483,27250
6484,27252
6485,27253
6486,27254
6487,27255
6488,27257
6489,27258
6490,27284
6491,27287
6492,27288
6493,27289
6494,27293
6495,27295
6496,27299
6497,27300
6498,27302
6499,27303
6500,27304
6501,27309
6502,27314
6503,27329
6504,27332
6505,27333
6506,27335
6507,27338
6508,27339
6509,27340
6510,27342
6511,27343
6512,27345
6513,27346
6514,27347
6515,27348
6516,27349
6517,27350
6518,27352
6519,27429
6520,27430
6521,27436
6522,28231
6523,28232
6524,28316
6525,28511
6526,28951
6527,28954
6528,28955
6529,28959
6530,28960
6531,28962
6532,28964
6533,28965
6534,28966
6535,28969
6536,28972
6537,28973
6538,28974
6539,28977
6540,28978
6541,28981
6542,28990
6543,28992
6544,28996
6545,28998
6546,28999
6547,29015
6548,29028
6549,29072
6550,29074
6551,29079
6552,29080
6553,29082
6554,29087
6555,29088
6556,29091
6557,29093
6558,29095
6559,29097
6560,29099
6561,29103
6562,29106
6563,29107
6564,29108
6565,29109
6566,29110
6567,29113
6568,29114
6569,29115
6570,29116
6571,29117
6572,29118
6573,29119
6574,29121
6575,29123
6576,29125
6577,29127
6578,29760
6579,29761
6580,29766
6581,29775
6582,29777
6583,29780
6584,29781
6585,29789
6586,29799
6587,29842
6588,29844
6589,29851
6590,29855
6591,29880
6592,29881
6593,29882
6594,29883
6595,29887
6596,29888
6597,29889
6598,29890
6599,29896
6600,29899
6601,29901
6602,29903
6603,29906
6604,29907
6605,29909
6606,29915
6607,29916
6608,29922
6609,29925
6610,29926
6611,29927
6612,29930
6613,29933
6614,29937
6615,29940
6616,29942
6617,29943
6618,29946
6619,29948
6620,29949
6621,29951
6622,29953
6623,29954
6624,29957
6625,29959
6626,29966
6627,29967
6628,29968
6629,29970
6630,29980
6631,29982
6632,29984
6633,29986
6634,29988
6635,29992
6636,29995
6637,30008
6638,30009
6639,30012
6640,30062
6641,30811
6642,30813
6643,30814
6644,30819
6645,30820
6646,30827
6647,30833
6648,30835
6649,30836
6650,30844
6651,30845
6652,30846
6653,30849
6654,30850
6655,30851
6656,30968
6657,43847
6658,43849
6659,49860
6660,50485
6661,50486
6662,50487
6663,50506
6664,50507
6665,50508
6666,50509
6667,50512
6668,50613
6669,50615
6670,50616
6671,50617
6672,50618
6673,50619
6674,50649
6675,50650
6676,50674
6677,50700
6678,50805
6679,50813
6680,50831
6681,50832
6682,50833
6683,50835
6684,50836
6685,50838
6686,50839
6687,50853
6688,50855
6689,50856
6690,50861
6691,50862
6692,50865
6693,50939
6694,50944
6695,50999
6696,51002
6697,51004
6698,51005
6699,51006
6700,51008
6701,51009
6702,51011
6703,51014
6704,51018
6705,51021
6706,51022
6707,51026
6708,51027
6709,51031
6710,51043
6711,51050
6712,51052
6713,51053
6714,51056
6715,51068
6716,51069
6717,51070
6718,51072
6719,51073
6720,51074
6721,51076
6722,51077
6723,51079
6724,51081
6725,51082
6726,51083
6727,51085
6728,51086
6729,51087
6730,51090
6731,51094
6732,51096
6733,51097
6734,51099
6735,51100
6736,51103
6737,51105
6738,51108
6739,51109
6740,51110
6741,51116
6742,51117
6743,51123
6744,51124
6745,51127
6746,51128
6747,51129
6748,51133
6749,51135
6750,51141
6751,51142
6752,51143
6753,51144
6754,51146
6755,51147
6756,51150
6757,51151
6758,51154
6759,51156
6760,51157
6761,51160
6762,51161
6763,51162
6764,51164
6765,51167
6766,51170
6767,51171
6768,51174
6769,51176
6770,51177
6771,51179
6772,51181
6773,51182
6774,51185
6775,51191
6776,51192
6777,51193
6778,51195
6779,51196
6780,51200
6781,51203
6782,51205
6783,51207
6784,51208
6785,51218
6786,51222
6787,51227
6788,51228
6789,51230
6790,51231
6791,51232
6792,51265
6793,51267
6794,51268
6795,51271
6796,51272
6797,51274
6798,51276
6799,51278
6800,51279
6801,51280
6802,51282
6803,51283
6804,51285
6805,51286
6806,51289
6807,51291
6808,51292
6809,51293
6810,51294
6811,51295
6812,51296
6813,51298
6814,51299
6815,51302
6816,51303
6817,51304
6818,51307
6819,51308
6820,51310
6821,51312
6822,51315
6823,51316
6824,51317
6825,51318
6826,51319
6827,51320
6828,51321
6829,51324
6830,51330
6831,51334
6832,51335
6833,51339
6834,51341
6835,51343
6836,51347
6837,51350
6838,51361
6839,51362
6840,51364
6841,51367
6842,51368
6843,51371
6844,51373
6845,51375
6846,51377
6847,51378
6848,51379
6849,51380
6850,51382
6851,51384
6852,51388
6853,51399
6854,51400
6855,51406
6856,51409
6857,51411
6858,51412
6859,51421
6860,51422
6861,51427
6862,51428
6863,51433
6864,51435
6865,51439
6866,51440
6867,51444
6868,51449
6869,51450
6870,51454
6871,51455
6872,51458
6873,51460
6874,51465
6875,51466
6876,51474
6877,51475
6878,51477
6879,51499
6880,51506
6881,51510
6882,51512
6883,51513
6884,51514
6885,51517
6886,51533
6887,51542
6888,51547
6889,51548
6890,51550
6891,51552
6892,51555
6893,51559
6894,51560
6895,51561
6896,51562
6897,51569
6898,51574
6899,51575
6900,51582
6901,51586
6902,51588
6903,51592
6904,51596
6905,51599
6906,51601
6907,51604
6908,51606
6909,51611
6910,51614
6911,51619
6912,51621
6913,51626
6914,51635
6915,51642
6916,51646
6917,51650
6918,51651
6919,51654
6920,51657
6921,51659
6922,51666
6923,51673
6924,51686
6925,51690
6926,51693
6927,51696
6928,51700
6929,51701
6930,51702
6931,51703
6932,51704
6933,51705
6934,51706
6935,51710
6936,51715
6937,51719
6938,51720
6939,51728
6940,51729
6941,51733
6942,51741
6943,51742
6944,51744
6945,51750
6946,51751
6947,51759
6948,51760
6949,51761
6950,51762
6951,51764
6952,51768
6953,51773
6954,51778
6955,51805
6956,51806
6957,51807
6958,51809
6959,53335
6960,53339
6961,53340
6962,53343
6963,53346
6964,53347
6965,53353
6966,53358
6967,53371
6968,53373
6969,53405
6970,53407
6971,53615
6972,53616
6973,53635
6974,53822
6975,53826
6976,53827
6977,53829
6978,53832
6979,53836
6980,53838
6981,53904
6982,53905
6983,53916
6984,53918
6985,53919
6986,53944
6987,53947
6988,54014
6989,54020
6990,54039
6991,54101
6992,54107
6993,54112
6994,54148
6995,54149
6996,54165
6997,54187
6998,54205
6999,54207
7000,54209
7001,54210
7002,54344
7003,54345
7004,54346
7005,54360
7006,54361
7007,54363
7008,54386
7009,54407
7010,54432
7011,54434
7012,54436
7013,54438
7014,54442
7015,54453
7016,54465
7017,54472
7018,54474
7019,54475
7020,54476
7021,54477
7022,54487
7023,54494
7024,54496
7025,54498
7026,54499
7027,54504
7028,54505
7029,54509
7030,54512
7031,54514
7032,54529
7033,54535
7034,54538
7035,54541
7036,54543
7037,54544
7038,54546
7039,54551
7040,54554
7041,54555
7042,54556
7043,54558
7044,54566
7045,54576
7046,54583
7047,54584
7048,54585
7049,54596
7050,54606
7051,54619
7052,54623
7053,54662
7054,54664
7055,54665
7056,54674
7057,54676
7058,54677
7059,54682
7060,54700
7061,54714
7062,54716
7063,54726
7064,54732
7065,54733
7066,54737
7067,54738
7068,54739
7069,54741
7070,54752
7071,54758
7072,54766
7073,54768
7074,54769
7075,54778
7076,54780
7077,54784
7078,54788
7079,54793
7080,54795
7081,54796
7082,54797
7083,54798
7084,54799
7085,54800
7086,54805
7087,54810
7088,54811
7089,54812
7090,54815
7091,54819
7092,54820
7093,54828
7094,54829
7095,54832
7096,54834
7097,54839
7098,54840
7099,54847
7100,54849
7101,54850
7102,54851
7103,54852
7104,54854
7105,54858
7106,54861
7107,54862
7108,54865
7109,54866
7110,54870
7111,54872
7112,54873
7113,54878
7114,54879
7115,54881
7116,54884
7117,54894
7118,54897
7119,54898
7120,54900
7121,54901
7122,54902
7123,54903
7124,54905
7125,54910
7126,54913
7127,54915
7128,54918
7129,54922
7130,54923
7131,54927
7132,54929
7133,54937
7134,54938
7135,54939
7136,54941
7137,54948
7138,54951
7139,54955
7140,54956
7141,54957
7142,54959
7143,54961
7144,54962
7145,54963
7146,54964
7147,54968
7148,54970
7149,54971
7150,54972
7151,54974
7152,54976
7153,54977
7154,54980
7155,54982
7156,54985
7157,54989
7158,54991
7159,54993
7160,54995
7161,54997
7162,55000
7163,55001
7164,55002
7165,55005
7166,55007
7167,55011
7168,55012
7169,55014
7170,55015
7171,55022
7172,55023
7173,55024
7174,55027
7175,55028
7176,55032
7177,55033
7178,55034
7179,55036
7180,55038
7181,55039
7182,55040
7183,55041
7184,55052
7185,55055
7186,55062
7187,55063
7188,55068
7189,55071
7190,55072
7191,55074
7192,55076
7193,55079
7194,55080
7195,55081
7196,55089
7197,55090
7198,55092
7199,55094
7200,55103
7201,55105
7202,55106
7203,55108
7204,55109
7205,55111
7206,55113
7207,55116
7208,55117
7209,55119
7210,55124
7211,55131
7212,55133
7213,55139
7214,55140
7215,55143
7216,55144
7217,55145
7218,55146
7219,55151
7220,55152
7221,55153
7222,55156
7223,55157
7224,55160
7225,55161
7226,55163
7227,55165
7228,55166
7229,55168
7230,55173
7231,55175
7232,55176
7233,55179
7234,55183
7235,55186
7236,55188
7237,55191
7238,55192
7239,55193
7240,55198
7241,55200
7242,55203
7243,55204
7244,55205
7245,55207
7246,55208
7247,55210
7248,55212
7249,55213
7250,55222
7251,55223
7252,55224
7253,55226
7254,55227
7255,55229
7256,55231
7257,55234
7258,55239
7259,55240
7260,55244
7261,55246
7262,55247
7263,55249
7264,55254
7265,55255
7266,55256
7267,55258
7268,55270
7269,55272
7270,55273
7271,55274
7272,55275
7273,55278
7274,55280
7275,55281
7276,55283
7277,55286
7278,55287
7279,55289
7280,55290
7281,55293
7282,55294
7283,55295
7284,55296
7285,55297
7286,55298
7287,55301
7288,55303
7289,55308
7290,55311
7291,55312
7292,55314
7293,55315
7294,55316
7295,55322
7296,55323
7297,55324
7298,55327
7299,55329
7300,55333
7301,55334
7302,55335
7303,55336
7304,55340
7305,55343
7306,55346
7307,55347
7308,55351
7309,55353
7310,55359
7311,55361
7312,55364
7313,55365
7314,55374
7315,55379
7316,55384
7317,55422
7318,55423
7319,55450
7320,55486
7321,55500
7322,55501
7323,55503
7324,55507
7325,55508
7326,55510
7327,55512
7328,55520
7329,55521
7330,55526
7331,55539
7332,55540
7333,55544
7334,55554
7335,55556
7336,55567
7337,55584
7338,55585
7339,55589
7340,55602
7341,55607
7342,55608
7343,55611
7344,55615
7345,55617
7346,55620
7347,55621
7348,55624
7349,55625
7350,55627
7351,55629
7352,55630
7353,55631
7354,55633
7355,55635
7356,55640
7357,55643
7358,55644
7359,55647
7360,55650
7361,55653
7362,55654
7363,55655
7364,55658
7365,55660
7366,55661
7367,55662
7368,55663
7369,55667
7370,55669
7371,55679
7372,55681
7373,55686
7374,55690
7375,55691
7376,55692
7377,55695
7378,55697
7379,55699
7380,55703
7381,55704
7382,55705
7383,55707
7384,55709
7385,55715
7386,55716
7387,55718
7388,55720
7389,55721
7390,55722
7391,55723
7392,55727
7393,55729
7394,55732
7395,55733
7396,55734
7397,55737
7398,55738
7399,55740
7400,55741
7401,55742
7402,55743
7403,55746
7404,55748
7405,55750
7406,55753
7407,55754
7408,55755
7409,55756
7410,55759
7411,55760
7412,55763
7413,55764
7414,55768
7415,55769
7416,55770
7417,55775
7418,55781
7419,55786
7420,55788
7421,55794
7422,55795
7423,55800
7424,55801
7425,55802
7426,55805
7427,55806
7428,55810
7429,55813
7430,55815
7431,55816
7432,55819
7433,55825
7434,55830
7435,55832
7436,55833
7437,55835
7438,55837
7439,55839
7440,55840
7441,55843
7442,55844
7443,55846
7444,55847
7445,55850
7446,55851
7447,55852
7448,55854
7449,55858
7450,55863
7451,55867
7452,55870
7453,55884
7454,55885
7455,55890
7456,55891
7457,55892
7458,55893
7459,55898
7460,55901
7461,55907
7462,55930
7463,55937
7464,55954
7465,55957
7466,55958
7467,55966
7468,55970
7469,55972
7470,55973
7471,55975
7472,56034
7473,56061
7474,56100
7475,56105
7476,56106
7477,56107
7478,56112
7479,56114
7480,56124
7481,56128
7482,56130
7483,56139
7484,56142
7485,56143
7486,56145
7487,56146
7488,56154
7489,56155
7490,56163
7491,56165
7492,56244
7493,56253
7494,56257
7495,56259
7496,56260
7497,56269
7498,56288
7499,56301
7500,56302
7501,56311
7502,56341
7503,56342
7504,56344
7505,56475
7506,56478
7507,56547
7508,56603
7509,56606
7510,56616
7511,56623
7512,56647
7513,56648
7514,56650
7515,56654
7516,56659
7517,56660
7518,56667
7519,56673
7520,56674
7521,56676
7522,56681
7523,56729
7524,56731
7525,56829
7526,56833
7527,56834
7528,56848
7529,56889
7530,56890
7531,56891
7532,56894
7533,56895
7534,56897
7535,56898
7536,56899
7537,56901
7538,56902
7539,56904
7540,56905
7541,56906
7542,56910
7543,56913
7544,56914
7545,56915
7546,56920
7547,56922
7548,56924
7549,56925
7550,56928
7551,56929
7552,56938
7553,56940
7554,56943
7555,56944
7556,56945
7557,56951
7558,56955
7559,56957
7560,56965
7561,56967
7562,56980
7563,56981
7564,56986
7565,56992
7566,56993
7567,56994
7568,56996
7569,56998
7570,56999
7571,57003
7572,57016
7573,57018
7574,57019
7575,57030
7576,57037
7577,57045
7578,57047
7579,57050
7580,57053
7581,57060
7582,57062
7583,57084
7584,57088
7585,57089
7586,57092
7587,57097
7588,57099
7589,57102
7590,57104
7591,57105
7592,57107
7593,57109
7594,57111
7595,57117
7596,57118
7597,57122
7598,57124
7599,57125
7600,57128
7601,57134
7602,57140
7603,57142
7604,57147
7605,57149
7606,57151
7607,57152
7608,57157
7609,57158
7610,57161
7611,57171
7612,57172
7613,57175
7614,57178
7615,57180
7616,57188
7617,57191
7618,57192
7619,57194
7620,57198
7621,57205
7622,57215
7623,57226
7624,57332
7625,57333
7626,57336
7627,57337
7628,57338
7629,57343
7630,57348
7631,57396
7632,57402
7633,57403
7634,57404
7635,57405
7636,57406
7637,57415
7638,57418
7639,57419
7640,57446
7641,57447
7642,57468
7643,57470
7644,57472
7645,57473
7646,57509
7647,57513
7648,57515
7649,57538
7650,57556
7651,57570
7652,57572
7653,57573
7654,57576
7655,57596
7656,57610
7657,57626
7658,57645
7659,57657
7660,57658
7661,57663
7662,57664
7663,57665
7664,57669
7665,57680
7666,57715
7667,57716
7668,57720
7669,57731
7670,57758
7671,57761
7672,57763
7673,57787
7674,57798
7675,57799
7676,57804
7677,57817
7678,57818
7679,57819
7680,57820
7681,57823
7682,57827
7683,57834
7684,57835
7685,57862
7686,57863
7687,58155
7688,58157
7689,58158
7690,58189
7691,58190
7692,58473
7693,58477
7694,58478
7695,58486
7696,58487
7697,58488
7698,58494
7699,58495
7700,58498
7701,58500
7702,58504
7703,58510
7704,58511
7705,58528
7706,58529
7707,58533
7708,58985
7709,59067
7710,59269
7711,59286
7712,59335
7713,59338
7714,59341
7715,59342
7716,59344
7717,59348
7718,59349
7719,59351
7720,60312
7721,60313
7722,60370
7723,60385
7724,60436
7725,60467
7726,60468
7727,60481
7728,60482
7729,60484
7730,60485
7731,60487
7732,60488
7733,60490
7734,60491
7735,60492
7736,60493
7737,60494
7738,60495
7739,60496
7740,60509
7741,60528
7742,60529
7743,60558
7744,60561
7745,60598
7746,60625
7747,60626
7748,60676
7749,60681
7750,60685
7751,60686
7752,63826
7753,63827
7754,63874
7755,63897
7756,63898
7757,63899
7758,63901
7759,63906
7760,63916
7761,63917
7762,63924
7763,63925
7764,63928
7765,63929
7766,63931
7767,63934
7768,63940
7769,63943
7770,63967
7771,63974
7772,63976
7773,63978
7774,64062
7775,64063
7776,64065
7777,64066
7778,64067
7779,64080
7780,64081
7781,64083
7782,64084
7783,64087
7784,64089
7785,64091
7786,64096
7787,64100
7788,64110
7789,64111
7790,64112
7791,64114
7792,64116
7793,64121
7794,64127
7795,64129
7796,64130
7797,64131
7798,64132
7799,64135
7800,64137
7801,64151
7802,64170
7803,64174
7804,64180
7805,64208
7806,64210
7807,64211
7808,64215
7809,64216
7810,64218
7811,64220
7812,64222
7813,64231
7814,64232
7815,64236
7816,64240
7817,64318
7818,64320
7819,64321
7820,64324
7821,64342
7822,64343
7823,64344
7824,64359
7825,64374
7826,64376
7827,64377
7828,64386
7829,64393
7830,64400
7831,64405
7832,64410
7833,64418
7834,64421
7835,64422
7836,64427
7837,64429
7838,64431
7839,64446
7840,64579
7841,64581
7842,64582
7843,64598
7844,64600
7845,64601
7846,64682
7847,64689
7848,64693
7849,64699
7850,64708
7851,64718
7852,64746
7853,64747
7854,64750
7855,64759
7856,64761
7857,64766
7858,64777
7859,64778
7860,64780
7861,64781
7862,64783
7863,64785
7864,64794
7865,64795
7866,64800
7867,64806
7868,64834
7869,64837
7870,64838
7871,64847
7872,64848
7873,64852
7874,64856
7875,64858
7876,64863
7877,64866
7878,64895
7879,64897
7880,64919
7881,64921
7882,64924
7883,64927
7884,64960
7885,64963
7886,64975
7887,64976
7888,64981
7889,65003
7890,65005
7891,65009
7892,65018
7893,65055
7894,65057
7895,65080
7896,65082
7897,65083
7898,65084
7899,65094
7900,65095
7901,65108
7902,65110
7903,65117
7904,65123
7905,65125
7906,65258
7907,65979
7908,65980
7909,65981
7910,65982
7911,65985
7912,65987
7913,65988
7914,65989
7915,65993
7916,65999
7917,66002
7918,66008
7919,66035
7920,66036
7921,78986
7922,78987
7923,78989
7924,78990
7925,78991
7926,78992
7927,78994
7928,78997
7929,78999
7930,79001
7931,79003
7932,79005
7933,79006
7934,79007
7935,79009
7936,79019
7937,79020
7938,79022
7939,79023
7940,79026
7941,79029
7942,79037
7943,79038
7944,79042
7945,79047
7946,79048
7947,79050
7948,79053
7949,79054
7950,79056
7951,79058
7952,79065
7953,79071
7954,79072
7955,79073
7956,79074
7957,79078
7958,79080
7959,79083
7960,79084
7961,79087
7962,79088
7963,79089
7964,79090
7965,79092
7966,79094
7967,79098
7968,79109
7969,79132
7970,79139
7971,79140
7972,79145
7973,79147
7974,79152
7975,79153
7976,79155
7977,79156
7978,79158
7979,79159
7980,79169
7981,79171
7982,79174
7983,79175
7984,79176
7985,79177
7986,79180
7987,79187
7988,79188
7989,79228
7990,79368
7991,79369
7992,79370
7993,79400
7994,79411
7995,79412
7996,79413
7997,79414
7998,79442
7999,79443
8000,79444
8001,79446
8002,79571
8003,79573
8004,79574
8005,79575
8006,79577
8007,79582
8008,79585
8009,79586
8010,79587
8011,79590
8012,79595
8013,79602
8014,79605
8015,79608
8016,79616
8017,79618
8018,79621
8019,79623
8020,79628
8021,79629
8022,79634
8023,79635
8024,79637
8025,79639
8026,79641
8027,79643
8028,79646
8029,79648
8030,79654
8031,79657
8032,79661
8033,79663
8034,79665
8035,79666
8036,79668
8037,79669
8038,79671
8039,79672
8040,79673
8041,79677
8042,79679
8043,79683
8044,79685
8045,79689
8046,79690
8047,79693
8048,79694
8049,79695
8050,79703
8051,79711
8052,79712
8053,79714
8054,79717
8055,79720
8056,79723
8057,79724
8058,79725
8059,79728
8060,79731
8061,79733
8062,79734
8063,79735
8064,79738
8065,79739
8066,79745
8067,79746
8068,79748
8069,79751
8070,79752
8071,79753
8072,79754
8073,79755
8074,79758
8075,79759
8076,79760
8077,79762
8078,79763
8079,79767
8080,79770
8081,79774
8082,79778
8083,79789
8084,79797
8085,79801
8086,79803
8087,79805
8088,79810
8089,79811
8090,79812
8091,79816
8092,79818
8093,79828
8094,79833
8095,79837
8096,79838
8097,79839
8098,79840
8099,79841
8100,79843
8101,79844
8102,79845
8103,79849
8104,79853
8105,79858
8106,79861
8107,79865
8108,79867
8109,79870
8110,79871
8111,79872
8112,79875
8113,79877
8114,79882
8115,79883
8116,79884
8117,79885
8118,79891
8119,79893
8120,79894
8121,79896
8122,79897
8123,79901
8124,79905
8125,79906
8126,79908
8127,79913
8128,79915
8129,79918
8130,79929
8131,79930
8132,79931
8133,79932
8134,79933
8135,79939
8136,79943
8137,79944
8138,79946
8139,79947
8140,79954
8141,79955
8142,79957
8143,79959
8144,79961
8145,79966
8146,79968
8147,79973
8148,79980
8149,79981
8150,79982
8151,79989
8152,79990
8153,80005
8154,80007
8155,80008
8156,80010
8157,80014
8158,80019
8159,80020
8160,80021
8161,80023
8162,80025
8163,80032
8164,80036
8165,80045
8166,80055
8167,80063
8168,80095
8169,80108
8170,80110
8171,80111
8172,80117
8173,80124
8174,80128
8175,80131
8176,80142
8177,80145
8178,80149
8179,80150
8180,80152
8181,80153
8182,80173
8183,80174
8184,80176
8185,80177
8186,80184
8187,80196
8188,80198
8189,80199
8190,80201
8191,80204
8192,80206
8193,80207
8194,80208
8195,80210
8196,80212
8197,80213
8198,80219
8199,80222
8200,80227
8201,80228
8202,80230
8203,80235
8204,80237
8205,80254
8206,80263
8207,80267
8208,80271
8209,80273
8210,80303
8211,80305
8212,80308
8213,80310
8214,80317
8215,80319
8216,80321
8217,80323
8218,80324
8219,80328
8220,80329
8221,80335
8222,80339
8223,80342
8224,80345
8225,80346
8226,80347
8227,80349
8228,80350
8229,80351
8230,80352
8231,80380
8232,80704
8233,80705
8234,80724
8235,80736
8236,80740
8237,80742
8238,80745
8239,80746
8240,80755
8241,80757
8242,80758
8243,80762
8244,80764
8245,80765
8246,80774
8247,80775
8248,80776
8249,80777
8250,80781
8251,80789
8252,80830
8253,80895
8254,80896
8255,81027
8256,81029
8257,81031
8258,81033
8259,81034
8260,81035
8261,81285
8262,81490
8263,81491
8264,81533
8265,81537
8266,81539
8267,81543
8268,81544
8269,81545
8270,81550
8271,81551
8272,81555
8273,81558
8274,81562
8275,81563
8276,81565
8277,81570
8278,81575
8279,81577
8280,81578
8281,81579
8282,81602
8283,81603
8284,81608
8285,81609
8286,81611
8287,81616
8288,81617
8289,81618
8290,81619
8291,81621
8292,81623
8293,81628
8294,81631
8295,81688
8296,81689
8297,81693
8298,81697
8299,81788
8300,81789
8301,81790
8302,81796
8303,81797
8304,81831
8305,81839
8306,81847
8307,81848
8308,81849
8309,81853
8310,81855
8311,81856
8312,81858
8313,81873
8314,81875
8315,81890
8316,81930
8317,81932
8318,83439
8319,83442
8320,83445
8321,83446
8322,83447
8323,83448
8324,83451
8325,83452
8326,83461
8327,83463
8328,83464
8329,83468
8330,83475
8331,83478
8332,83480
8333,83482
8334,83638
8335,83658
8336,83660
8337,83700
8338,83714
8339,83729
8340,83737
8341,83743
8342,83759
8343,83937
8344,83942
8345,83988
8346,83990
8347,84033
8348,84079
8349,84124
8350,84135
8351,84168
8352,84172
8353,84193
8354,84196
8355,84223
8356,84224
8357,84271
8358,84272
8359,84296
8360,84516
8361,84525
8362,84561
8363,84617
8364,84619
8365,84669
8366,84720
8367,84722
8368,84733
8369,84759
8370,84790
8371,84818
8372,84823
8373,84851
8374,84861
8375,84869
8376,84901
8377,84908
8378,84914
8379,84951
8380,84975
8381,84986
8382,85359
8383,85360
8384,85377
8385,85453
8386,89781
8387,89795
8388,89797
8389,89845
8390,89870
8391,89874
8392,89910
8393,89941
8394,90011
8395,90233
8396,90326
8397,90411
8398,90480
8399,90627
8400,90806
8401,90864
8402,90956
8403,90957
8404,91137
8405,91369
8406,91373
8407,91445
8408,91543
8409,91647
8410,91746
8411,91752
8412,91754
8413,91860
8414,91949
8415,91977
8416,92104
8417,92140
8418,92483
8419,92579
8420,92595
8421,92856
8422,93129
8423,93643
8424,93664
8425,94081
8426,94134
8427,96764
8428,112398
8429,112399
8430,112611
8431,112950
8432,113178
8433,113419
8434,113791
8435,114088
8436,114327
8437,114548
8438,114625
8439,114785
8440,114791
8441,114876
8442,114881
8443,114882
8444,114883
8445,114884
8446,114885
8447,114897
8448,114899
8449,114932
8450,115207
8451,115290
8452,115353
8453,115653
8454,115817
8455,116138
8456,116285
8457,116832
8458,117178
8459,117246
8460,122704
8461,122953
8462,124044
8463,124152
8464,124583
8465,124801
8466,126208
8467,126231
8468,126299
8469,126393
8470,126626
8471,127544
8472,127703
8473,129880
8474,131408
8475,131566
8476,131578
8477,133619
8478,135138
8479,140459
8480,140460
8481,140461
8482,140465
8483,140545
8484,140578
8485,140803
8486,140885
8487,145389
8488,146542
8489,146712
8490,147657
8491,147912
8492,148022
8493,149111
8494,149628
8495,150160
8496,151230
8497,151987
8498,152006
8499,154661
8500,157567
8501,157680
8502,157922
8503,158471
8504,164656
8505,168544
8506,169611
8507,170679
8508,170680
8509,171017
8510,171023
8511,171558
8512,192286
8513,192666
8514,196743
8515,199731
8516,200081
8517,200315
8518,202559
8519,203068
8520,204851
8521,205564
8522,206358
8523,221037
8524,221472
8525,221823
8526,222658
8527,222663
8528,246243
8529,253980
8530,253982
8531,254359
8532,256051
8533,256364
8534,259173
8535,259230
8536,259266
8537,261726
8538,266629
8539,283298
8540,283537
8541,283652
8542,284325
8543,284443
8544,284904
8545,285282
8546,317781
8547,339448
8548,340719
8549,342538
8550,347733
8551,347853
8552,347902
8553,348995
8554,353299
8555,353500
8556,373156
8557,373863
8558,374291
8559,374868
8560,375035
8561,376267
8562,387032
8563,388389
8564,388591
8565,399979
8566,404093
8567,404672
8568,439921
8569,727897
8570,100287932
8571,100505741
8572,100506658
8573,105375355
