6.392500000000000071e+00,4.163400000000000212e+00,8.297499999999999432e+00,2.810500000000000220e+00,7.803600000000000314e+00,4.075999999999999623e+00,0.000000000000000000e+00,7.457000000000000295e-01,1.280200000000000005e+00,1.975500000000000034e+00,2.339300000000000157e+00,1.486519999999999975e+01,8.696000000000000396e-01,9.987700000000000244e+00,0.000000000000000000e+00,4.101499999999999702e+00,2.021000000000000019e-01,8.696000000000000396e-01,4.603999999999999759e-01,1.859619999999999962e+01,1.859600000000000009e+01
5.489200000000000301e+00,5.262500000000000178e+00,1.082830000000000048e+01,6.180100000000000371e+00,6.275400000000000311e+00,3.169200000000000017e+00,6.443999999999999728e-01,1.539999999999999980e-01,2.601100000000000190e+00,2.996700000000000141e+00,3.520199999999999996e+00,1.207980000000000054e+01,1.539999999999999980e-01,1.154059999999999953e+01,1.539999999999999980e-01,5.003599999999999604e+00,0.000000000000000000e+00,6.443999999999999728e-01,0.000000000000000000e+00,1.853130000000000166e+01,1.853160000000000096e+01
6.621299999999999741e+00,6.676599999999999646e+00,8.695499999999999119e+00,6.087000000000000188e-01,6.049999999999999822e+00,3.765200000000000102e+00,2.326000000000000012e-01,0.000000000000000000e+00,1.364300000000000068e+00,3.149399999999999977e+00,4.004100000000000215e+00,1.560309999999999953e+01,7.653999999999999693e-01,1.180289999999999928e+01,0.000000000000000000e+00,4.326999999999999957e+00,1.711200000000000054e+00,7.653999999999999693e-01,0.000000000000000000e+00,1.833680000000000021e+01,1.833729999999999905e+01
6.538299999999999557e+00,1.417939999999999934e+01,8.778299999999999770e+00,4.683200000000000252e+00,8.802899999999999281e+00,8.449099999999999611e+00,5.561000000000000387e-01,4.958800000000000097e+00,3.673299999999999788e+00,3.894699999999999829e+00,5.012299999999999756e+00,1.582789999999999964e+01,1.526699999999999946e+00,1.382740000000000080e+01,3.047000000000000264e-01,8.652499999999999858e+00,5.561000000000000387e-01,1.639899999999999913e+00,1.269600000000000062e+00,1.730249999999999844e+01,1.730199999999999960e+01
6.023699999999999832e+00,3.116000000000000103e+00,8.466799999999999216e+00,1.032699999999999951e+00,7.847400000000000375e+00,3.741600000000000037e+00,1.205999999999999989e-01,1.205999999999999989e-01,7.631999999999999895e-01,4.169599999999999973e+00,4.957399999999999807e+00,1.291629999999999967e+01,1.259700000000000042e+00,9.684699999999999420e+00,2.318000000000000060e-01,6.631400000000000183e+00,0.000000000000000000e+00,3.351000000000000090e-01,0.000000000000000000e+00,1.804009999999999891e+01,1.804210000000000136e+01
5.616900000000000226e+00,1.335730000000000040e+01,9.909000000000000696e+00,4.565599999999999881e+00,7.684099999999999930e+00,7.303700000000000081e+00,3.467000000000000082e-01,5.991100000000000314e+00,6.579799999999999649e+00,3.430000000000000160e+00,4.935699999999999754e+00,1.411790000000000056e+01,9.639999999999999680e-01,1.265109999999999957e+01,1.837000000000000022e-01,6.282899999999999707e+00,1.837000000000000022e-01,6.260000000000000009e-01,1.151999999999999913e+00,1.799459999999999837e+01,1.799559999999999960e+01
5.443200000000000038e+00,4.888399999999999856e+00,1.123230000000000040e+01,6.521499999999999631e+00,7.261000000000000121e+00,3.349200000000000177e+00,1.417399999999999993e+00,0.000000000000000000e+00,8.761999999999999789e-01,4.299800000000000288e+00,5.042699999999999960e+00,1.247610000000000063e+01,6.061999999999999611e-01,1.280380000000000074e+01,2.736999999999999988e-01,7.252100000000000435e+00,0.000000000000000000e+00,1.526100000000000012e+00,0.000000000000000000e+00,1.818209999999999837e+01,1.818349999999999866e+01
5.428499999999999659e+00,4.834200000000000053e+00,9.050000000000000711e+00,5.335700000000000109e+00,7.773500000000000298e+00,3.944700000000000095e+00,2.086300000000000043e+00,7.703999999999999737e-01,8.120900000000000674e+00,3.462400000000000144e+00,4.834200000000000053e+00,1.381809999999999938e+01,5.093999999999999639e-01,1.199849999999999994e+01,1.905000000000000027e-01,5.181499999999999773e+00,1.905000000000000027e-01,1.183000000000000052e+00,0.000000000000000000e+00,1.831510000000000105e+01,1.831449999999999889e+01
5.591099999999999959e+00,3.031600000000000072e+00,8.706300000000000594e+00,2.108499999999999819e+00,6.516399999999999970e+00,2.282300000000000217e+00,4.999000000000000110e-01,0.000000000000000000e+00,6.341999999999999860e-01,2.437399999999999789e+00,2.735300000000000065e+00,1.188310000000000066e+01,3.517000000000000126e-01,1.035449999999999982e+01,0.000000000000000000e+00,4.676300000000000345e+00,1.864999999999999991e-01,3.517000000000000126e-01,0.000000000000000000e+00,1.868690000000000140e+01,1.868769999999999953e+01
5.932000000000000384e+00,1.048990000000000045e+01,7.784099999999999575e+00,5.853900000000000325e+00,1.045059999999999967e+01,7.440100000000000158e+00,1.051299999999999901e+00,1.748199999999999976e+00,4.681799999999999962e+00,7.174800000000000288e+00,8.675000000000000711e+00,1.804710000000000036e+01,1.322699999999999987e+00,1.064520000000000088e+01,8.937000000000000499e-01,8.445700000000000429e+00,8.937000000000000499e-01,2.935299999999999798e+00,2.802999999999999936e-01,1.742909999999999826e+01,1.742630000000000123e+01
4.358200000000000074e+00,3.929899999999999949e+00,8.741899999999999338e+00,3.544099999999999806e+00,6.177999999999999936e+00,2.522899999999999920e+00,1.764000000000000012e-01,0.000000000000000000e+00,3.336000000000000076e-01,2.602300000000000058e+00,3.220899999999999874e+00,1.175479999999999947e+01,4.062000000000000055e-01,1.007600000000000051e+01,9.089999999999999469e-02,5.235599999999999810e+00,0.000000000000000000e+00,4.753000000000000003e-01,0.000000000000000000e+00,1.867379999999999995e+01,1.867439999999999856e+01
6.907000000000000028e+00,6.004800000000000360e+00,7.648299999999999876e+00,2.419700000000000184e+00,7.083400000000000141e+00,5.242399999999999949e+00,0.000000000000000000e+00,5.963000000000000522e-01,1.607599999999999918e+00,3.585500000000000131e+00,4.746800000000000352e+00,1.377420000000000044e+01,0.000000000000000000e+00,1.137040000000000006e+01,0.000000000000000000e+00,5.676999999999999602e+00,0.000000000000000000e+00,3.287999999999999812e-01,0.000000000000000000e+00,1.855630000000000024e+01,1.855529999999999902e+01
4.697600000000000442e+00,4.831999999999999851e+00,9.099099999999999966e+00,4.126800000000000246e+00,9.065099999999999270e+00,4.481799999999999784e+00,5.726999999999999869e-01,0.000000000000000000e+00,2.529900000000000038e+00,5.331800000000000317e+00,6.326100000000000279e+00,1.504529999999999923e+01,1.511800000000000033e+00,1.220960000000000001e+01,3.699999999999999956e-01,5.097299999999999720e+00,5.726999999999999869e-01,2.795900000000000052e+00,0.000000000000000000e+00,1.840850000000000009e+01,1.840960000000000107e+01
6.327099999999999724e+00,5.092299999999999827e+00,1.044529999999999959e+01,3.856500000000000039e+00,6.961000000000000298e+00,3.914800000000000058e+00,4.237000000000000210e-01,2.273999999999999910e-01,2.273999999999999910e-01,3.675600000000000200e+00,4.503199999999999648e+00,1.275500000000000078e+01,5.965000000000000302e-01,1.243929999999999936e+01,0.000000000000000000e+00,5.922600000000000087e+00,1.181999999999999995e-01,1.076899999999999968e+00,0.000000000000000000e+00,1.847490000000000165e+01,1.847660000000000124e+01
6.123999999999999666e+00,6.553300000000000125e+00,9.428900000000000503e+00,3.376199999999999868e+00,7.249399999999999622e+00,3.524199999999999999e+00,1.401000000000000023e-01,0.000000000000000000e+00,1.014299999999999979e+00,3.179100000000000037e+00,4.267299999999999649e+00,1.335759999999999970e+01,1.401000000000000023e-01,1.157779999999999987e+01,0.000000000000000000e+00,4.819300000000000139e+00,3.850999999999999979e-01,8.607000000000000206e-01,0.000000000000000000e+00,1.829820000000000135e+01,1.829879999999999995e+01
5.657099999999999795e+00,5.481600000000000250e+00,1.158109999999999928e+01,6.609600000000000364e+00,7.746599999999999930e+00,3.900100000000000122e+00,2.011600000000000055e+00,0.000000000000000000e+00,9.616999999999999993e-01,4.311499999999999666e+00,4.938200000000000145e+00,1.347029999999999994e+01,3.608999999999999986e-01,1.274810000000000088e+01,1.305999999999999939e-01,7.127399999999999736e+00,4.636000000000000121e-01,1.580100000000000060e+00,0.000000000000000000e+00,1.806190000000000140e+01,1.806250000000000000e+01
5.462500000000000355e+00,4.644199999999999662e+00,1.085459999999999958e+01,6.582600000000000229e+00,7.581000000000000405e+00,3.180699999999999861e+00,1.124800000000000022e+00,0.000000000000000000e+00,1.569399999999999906e+00,3.865699999999999914e+00,5.012900000000000134e+00,1.276110000000000078e+01,6.693000000000000060e-01,1.305710000000000015e+01,4.788000000000000034e-01,6.859399999999999942e+00,0.000000000000000000e+00,1.124800000000000022e+00,0.000000000000000000e+00,1.827769999999999939e+01,1.827530000000000143e+01
5.846199999999999619e+00,3.950499999999999901e+00,1.086389999999999922e+01,5.935200000000000031e+00,5.928499999999999659e+00,2.688400000000000123e+00,8.083000000000000185e-01,0.000000000000000000e+00,3.580999999999999739e-01,3.151800000000000157e+00,3.660299999999999887e+00,1.218399999999999928e+01,4.601000000000000090e-01,1.104310000000000080e+01,0.000000000000000000e+00,4.884800000000000253e+00,0.000000000000000000e+00,4.601000000000000090e-01,0.000000000000000000e+00,1.843220000000000169e+01,1.843380000000000152e+01
6.857000000000000206e+00,4.196900000000000297e+00,8.788399999999999324e+00,3.507099999999999884e+00,8.600899999999999324e+00,5.632799999999999585e+00,0.000000000000000000e+00,2.265000000000000069e-01,1.895299999999999985e+00,4.661599999999999966e+00,5.742300000000000182e+00,1.728999999999999915e+01,2.021500000000000075e+00,1.181279999999999930e+01,0.000000000000000000e+00,5.733100000000000307e+00,1.604100000000000081e+00,1.130900000000000016e+00,0.000000000000000000e+00,1.806109999999999971e+01,1.805940000000000012e+01
5.849999999999999645e+00,6.382699999999999818e+00,1.258530000000000015e+01,7.551899999999999835e+00,8.349600000000000577e+00,4.874799999999999578e+00,2.239199999999999857e+00,0.000000000000000000e+00,1.718099999999999961e+00,5.084100000000000286e+00,5.761400000000000077e+00,1.239000000000000057e+01,6.531000000000000139e-01,1.363330000000000020e+01,0.000000000000000000e+00,9.099700000000000344e+00,0.000000000000000000e+00,2.480300000000000171e+00,0.000000000000000000e+00,1.755180000000000007e+01,1.754200000000000159e+01
5.297100000000000364e+00,7.464199999999999946e+00,8.579200000000000159e+00,8.377999999999999892e-01,7.949399999999999800e+00,5.823800000000000310e+00,5.892299999999999649e+00,7.440400000000000347e+00,2.841499999999999915e+00,4.542799999999999727e+00,5.494799999999999685e+00,1.371579999999999977e+01,3.634199999999999875e+00,9.483700000000000685e+00,0.000000000000000000e+00,6.724099999999999966e+00,0.000000000000000000e+00,3.170700000000000074e+00,2.052900000000000169e+00,1.805900000000000105e+01,1.806030000000000157e+01
4.709800000000000431e+00,8.988300000000000622e+00,8.286599999999999966e+00,1.213100000000000067e+00,9.224899999999999878e+00,5.155400000000000205e+00,0.000000000000000000e+00,0.000000000000000000e+00,2.377099999999999991e+00,6.347400000000000375e+00,7.494299999999999962e+00,1.448920000000000030e+01,1.998699999999999921e+00,1.126929999999999943e+01,4.431999999999999829e-01,6.364300000000000068e+00,1.633000000000000007e-01,9.699999999999999734e-01,0.000000000000000000e+00,1.846039999999999992e+01,1.846020000000000039e+01
6.800799999999999734e+00,6.216899999999999871e+00,9.567600000000000549e+00,3.275399999999999867e+00,7.993000000000000327e+00,4.933099999999999596e+00,1.422500000000000098e+00,6.417000000000000481e-01,1.815900000000000070e+00,3.144499999999999851e+00,4.096400000000000041e+00,1.515049999999999919e+01,0.000000000000000000e+00,1.184130000000000038e+01,1.890999999999999903e-01,4.459900000000000198e+00,8.799000000000000155e-01,8.799000000000000155e-01,0.000000000000000000e+00,1.812399999999999878e+01,1.812340000000000018e+01
6.549400000000000333e+00,6.156299999999999883e+00,1.048479999999999990e+01,6.346799999999999997e+00,7.670899999999999608e+00,4.474999999999999645e+00,2.302500000000000213e+00,7.042000000000000481e-01,4.629699999999999704e+00,4.194200000000000372e+00,5.179499999999999993e+00,1.477430000000000021e+01,7.042000000000000481e-01,1.301670000000000016e+01,0.000000000000000000e+00,5.686499999999999666e+00,1.272599999999999953e+00,1.748399999999999954e+00,0.000000000000000000e+00,1.778040000000000020e+01,1.777949999999999875e+01
4.656100000000000350e+00,5.514599999999999724e+00,7.838000000000000078e+00,3.104299999999999837e+00,7.897499999999999964e+00,4.195400000000000240e+00,6.946999999999999842e-01,1.222000000000000031e-01,6.137000000000000233e-01,2.365499999999999936e+00,2.390000000000000124e+00,1.170350000000000001e+01,0.000000000000000000e+00,9.404400000000000759e+00,0.000000000000000000e+00,5.032300000000000217e+00,0.000000000000000000e+00,1.222000000000000031e-01,0.000000000000000000e+00,1.868720000000000070e+01,1.868830000000000169e+01
6.291599999999999859e+00,5.350299999999999834e+00,8.701100000000000279e+00,2.491099999999999870e+00,6.843700000000000117e+00,3.780199999999999783e+00,2.519699999999999829e+00,0.000000000000000000e+00,1.088999999999999968e+00,3.448999999999999844e+00,4.116600000000000037e+00,1.248470000000000013e+01,6.449000000000000288e-01,1.214370000000000083e+01,1.540999999999999870e-01,5.628599999999999604e+00,0.000000000000000000e+00,6.449000000000000288e-01,0.000000000000000000e+00,1.848979999999999890e+01,1.849050000000000082e+01
6.749900000000000233e+00,7.602100000000000080e+00,1.009389999999999965e+01,2.538400000000000212e+00,6.546999999999999709e+00,3.199500000000000011e+00,4.949999999999999956e-01,0.000000000000000000e+00,2.348500000000000032e+00,3.578800000000000203e+00,4.580199999999999605e+00,1.317220000000000013e+01,4.949999999999999956e-01,1.150919999999999987e+01,0.000000000000000000e+00,4.934199999999999697e+00,4.949999999999999956e-01,4.949999999999999956e-01,0.000000000000000000e+00,1.827329999999999899e+01,1.827550000000000097e+01
6.558399999999999785e+00,5.319700000000000095e+00,8.023699999999999832e+00,3.890800000000000036e+00,8.438100000000000378e+00,5.243699999999999584e+00,0.000000000000000000e+00,5.967999999999999972e-01,8.225000000000000089e-01,4.055399999999999672e+00,4.572799999999999976e+00,1.381429999999999936e+01,8.225000000000000089e-01,1.347289999999999921e+01,0.000000000000000000e+00,8.390399999999999636e+00,3.290000000000000147e-01,1.017700000000000049e+00,0.000000000000000000e+00,1.808269999999999911e+01,1.808099999999999952e+01
5.721799999999999997e+00,1.365060000000000073e+01,8.413299999999999557e+00,4.024700000000000166e+00,8.196400000000000574e+00,6.451399999999999579e+00,2.151000000000000134e-01,4.632200000000000095e+00,8.769600000000000506e+00,4.107700000000000351e+00,5.228900000000000325e+00,1.451309999999999967e+01,8.511999999999999567e-01,1.132269999999999932e+01,0.000000000000000000e+00,7.936200000000000365e+00,4.022999999999999909e-01,2.280699999999999950e+00,5.678999999999999604e-01,1.815510000000000090e+01,1.815579999999999927e+01
6.106900000000000439e+00,6.224599999999999689e+00,9.465899999999999537e+00,5.575499999999999901e+00,4.802900000000000169e+00,3.343999999999999861e+00,9.375999999999999890e-01,0.000000000000000000e+00,7.926999999999999602e-01,2.992199999999999971e+00,3.626599999999999824e+00,1.163339999999999996e+01,4.501000000000000001e-01,1.239639999999999986e+01,2.424999999999999933e-01,5.707699999999999996e+00,0.000000000000000000e+00,9.375999999999999890e-01,0.000000000000000000e+00,1.848649999999999949e+01,1.848669999999999902e+01
6.130200000000000315e+00,7.138899999999999579e+00,8.842000000000000526e+00,4.899200000000000443e+00,7.965300000000000047e+00,5.470299999999999940e+00,6.491999999999999993e-01,0.000000000000000000e+00,1.917000000000000093e-01,4.162399999999999878e+00,5.005099999999999660e+00,1.484779999999999944e+01,7.742999999999999883e-01,1.277399999999999913e+01,0.000000000000000000e+00,6.873000000000000220e+00,5.121999999999999886e-01,1.917000000000000093e-01,0.000000000000000000e+00,1.844839999999999947e+01,1.844800000000000040e+01
5.627200000000000202e+00,4.830599999999999561e+00,7.969100000000000072e+00,4.326699999999999768e+00,7.999500000000000277e+00,4.554400000000000226e+00,0.000000000000000000e+00,1.313999999999999890e-01,1.539299999999999891e+00,4.270800000000000374e+00,5.355500000000000149e+00,1.381160000000000032e+01,1.491200000000000081e+00,1.101370000000000005e+01,6.525999999999999579e-01,5.544200000000000017e+00,2.518000000000000238e-01,1.163000000000000034e+00,0.000000000000000000e+00,1.851800000000000068e+01,1.851810000000000045e+01
5.915700000000000180e+00,5.201900000000000190e+00,1.217759999999999998e+01,8.061299999999999244e+00,5.812899999999999956e+00,3.100400000000000045e+00,2.365000000000000213e+00,0.000000000000000000e+00,3.911000000000000032e-01,3.704800000000000093e+00,4.536699999999999733e+00,1.227350000000000030e+01,8.720999999999999863e-01,1.089220000000000077e+01,1.424999999999999878e-01,5.947600000000000442e+00,0.000000000000000000e+00,1.965700000000000003e+00,0.000000000000000000e+00,1.822609999999999886e+01,1.822820000000000107e+01
4.580799999999999983e+00,4.454200000000000159e+00,7.865999999999999659e+00,4.878000000000000114e-01,5.368500000000000050e+00,3.151400000000000201e+00,0.000000000000000000e+00,0.000000000000000000e+00,4.878000000000000114e-01,2.076700000000000212e+00,2.542899999999999938e+00,1.109680000000000000e+01,5.683000000000000274e-01,9.059499999999999886e+00,0.000000000000000000e+00,3.690199999999999925e+00,1.116000000000000048e-01,1.116000000000000048e-01,0.000000000000000000e+00,1.878610000000000113e+01,1.878659999999999997e+01
5.495499999999999829e+00,5.559899999999999842e+00,7.527400000000000091e+00,3.006699999999999928e+00,8.148199999999999221e+00,5.522599999999999731e+00,0.000000000000000000e+00,1.138500000000000068e+00,8.410099999999999909e+00,3.260400000000000187e+00,3.846799999999999997e+00,1.692129999999999868e+01,1.530100000000000016e+00,1.155139999999999922e+01,0.000000000000000000e+00,5.685500000000000220e+00,4.258000000000000118e-01,1.905499999999999972e+00,0.000000000000000000e+00,1.802680000000000149e+01,1.802550000000000097e+01
5.878000000000000114e+00,8.478199999999999292e+00,1.030869999999999997e+01,5.797799999999999621e+00,6.808799999999999741e+00,5.159399999999999764e+00,1.217799999999999994e+00,1.373599999999999932e+00,1.868600000000000039e+00,5.082499999999999574e+00,5.884500000000000064e+00,1.473010000000000019e+01,1.759900000000000020e+00,1.079690000000000083e+01,0.000000000000000000e+00,6.929899999999999949e+00,3.393999999999999795e-01,2.064299999999999802e+00,0.000000000000000000e+00,1.816440000000000055e+01,1.816390000000000171e+01
5.342299999999999827e+00,1.249929999999999986e+01,6.711100000000000065e+00,3.081599999999999895e+00,9.272399999999999309e+00,7.001900000000000013e+00,5.827999999999999847e-01,3.164000000000000146e+00,1.115450000000000053e+01,3.453399999999999803e+00,4.123000000000000220e+00,1.463059999999999938e+01,3.205999999999999961e-01,1.010420000000000051e+01,0.000000000000000000e+00,8.029600000000000293e+00,0.000000000000000000e+00,3.205999999999999961e-01,3.205999999999999961e-01,1.815380000000000038e+01,1.815510000000000090e+01
5.203500000000000014e+00,5.879699999999999704e+00,1.166549999999999976e+01,6.981600000000000250e+00,8.103400000000000603e+00,3.971699999999999786e+00,1.785800000000000054e+00,2.325000000000000122e-01,3.090700000000000003e+00,5.013499999999999623e+00,5.662799999999999834e+00,1.185699999999999932e+01,4.326999999999999735e-01,1.162889999999999979e+01,0.000000000000000000e+00,7.296100000000000030e+00,0.000000000000000000e+00,1.710700000000000109e+00,0.000000000000000000e+00,1.805420000000000158e+01,1.804990000000000094e+01
5.226600000000000357e+00,6.669500000000000206e+00,9.271900000000000475e+00,6.099099999999999966e+00,8.145200000000000884e+00,4.336199999999999832e+00,9.174999999999999822e-01,2.359999999999999876e-01,7.749000000000000332e-01,4.922699999999999854e+00,5.782399999999999984e+00,1.357590000000000074e+01,0.000000000000000000e+00,1.022899999999999920e+01,2.359999999999999876e-01,6.929299999999999571e+00,4.389000000000000123e-01,1.047199999999999909e+00,0.000000000000000000e+00,1.860050000000000026e+01,1.859959999999999880e+01
5.771499999999999631e+00,7.116900000000000226e+00,9.617900000000000560e+00,2.392199999999999882e+00,6.996299999999999741e+00,5.210200000000000387e+00,8.555000000000000382e-01,2.659000000000000252e-01,1.596200000000000063e+00,5.989300000000000068e+00,7.052399999999999558e+00,1.514499999999999957e+01,1.689699999999999980e+00,1.309350000000000058e+01,2.659000000000000252e-01,6.586599999999999788e+00,0.000000000000000000e+00,2.549999999999999822e+00,0.000000000000000000e+00,1.820710000000000051e+01,1.820840000000000103e+01
4.702600000000000335e+00,3.721799999999999997e+00,9.008499999999999730e+00,3.676699999999999857e+00,6.847199999999999953e+00,2.938499999999999890e+00,1.127999999999999975e-01,1.127999999999999975e-01,7.921000000000000263e-01,3.012999999999999901e+00,3.694900000000000073e+00,1.162829999999999941e+01,0.000000000000000000e+00,1.093699999999999939e+01,0.000000000000000000e+00,5.443500000000000227e+00,0.000000000000000000e+00,4.062000000000000055e-01,0.000000000000000000e+00,1.862330000000000041e+01,1.862399999999999878e+01
7.075999999999999623e+00,5.873400000000000176e+00,9.029999999999999361e+00,5.635500000000000398e+00,7.263099999999999667e+00,4.400400000000000311e+00,3.644999999999999907e-01,2.286799999999999944e+00,8.502000000000000668e+00,3.429100000000000037e+00,4.095399999999999707e+00,1.615719999999999956e+01,7.811000000000000165e-01,9.279600000000000293e+00,0.000000000000000000e+00,5.797100000000000364e+00,1.937000000000000111e-01,1.285099999999999909e+00,0.000000000000000000e+00,1.823509999999999920e+01,1.823570000000000135e+01
5.548499999999999766e+00,5.942000000000000171e+00,9.079499999999999460e+00,5.204299999999999926e+00,7.510399999999999743e+00,4.450099999999999945e+00,1.283800000000000052e+00,1.509999999999999953e-01,7.330999999999999739e-01,4.133799999999999919e+00,5.054199999999999804e+00,1.301190000000000069e+01,5.274999999999999689e-01,1.169009999999999927e+01,0.000000000000000000e+00,7.307199999999999918e+00,0.000000000000000000e+00,8.257999999999999785e-01,1.509999999999999953e-01,1.850669999999999860e+01,1.850809999999999889e+01
5.453199999999999825e+00,5.919100000000000250e+00,1.027449999999999974e+01,2.828500000000000014e+00,7.965600000000000236e+00,3.821600000000000108e+00,6.721000000000000307e-01,3.269000000000000239e-01,1.560599999999999987e+00,4.327200000000000379e+00,5.118500000000000050e+00,1.315549999999999997e+01,7.469000000000000083e-01,1.220829999999999949e+01,1.174000000000000044e-01,5.682400000000000340e+00,1.174000000000000044e-01,1.128800000000000026e+00,0.000000000000000000e+00,1.835610000000000142e+01,1.835869999999999891e+01
4.779300000000000104e+00,5.148399999999999643e+00,7.098900000000000432e+00,1.078500000000000014e+00,7.504299999999999748e+00,5.478399999999999714e+00,0.000000000000000000e+00,1.222900000000000098e+00,6.766099999999999781e+00,4.231799999999999784e+00,4.605699999999999683e+00,1.614440000000000097e+01,1.222900000000000098e+00,9.057100000000000151e+00,0.000000000000000000e+00,7.077700000000000102e+00,2.897000000000000131e-01,1.354200000000000070e+00,0.000000000000000000e+00,1.845909999999999940e+01,1.845949999999999847e+01
6.012100000000000222e+00,4.811600000000000321e+00,1.145369999999999955e+01,7.483100000000000307e+00,7.069600000000000328e+00,3.189799999999999969e+00,1.357499999999999929e+00,0.000000000000000000e+00,1.169899999999999940e+00,3.912799999999999834e+00,4.729000000000000092e+00,1.191769999999999996e+01,3.922999999999999821e-01,1.170870000000000033e+01,1.429999999999999882e-01,5.766499999999999737e+00,0.000000000000000000e+00,1.624500000000000055e+00,0.000000000000000000e+00,1.832880000000000109e+01,1.832949999999999946e+01
6.508300000000000196e+00,5.282000000000000028e+00,1.200319999999999965e+01,9.170999999999999375e+00,6.956500000000000128e+00,4.421899999999999942e+00,2.662399999999999878e+00,0.000000000000000000e+00,1.619699999999999918e+00,4.381400000000000183e+00,5.457499999999999574e+00,1.291080000000000005e+01,1.874000000000000110e+00,1.316450000000000031e+01,0.000000000000000000e+00,7.208400000000000141e+00,0.000000000000000000e+00,2.520700000000000163e+00,0.000000000000000000e+00,1.793720000000000070e+01,1.793530000000000157e+01
5.791900000000000048e+00,3.892900000000000027e+00,9.447499999999999787e+00,5.178300000000000125e+00,4.744399999999999729e+00,2.304699999999999971e+00,3.267999999999999794e-01,0.000000000000000000e+00,8.177999999999999714e-01,2.664200000000000124e+00,2.927900000000000169e+00,1.139729999999999954e+01,1.726000000000000034e-01,1.079710000000000036e+01,0.000000000000000000e+00,5.078800000000000203e+00,0.000000000000000000e+00,4.661000000000000143e-01,0.000000000000000000e+00,1.867370000000000019e+01,1.867480000000000118e+01
5.398399999999999643e+00,4.982199999999999740e+00,7.428899999999999615e+00,3.140299999999999869e+00,6.889800000000000146e+00,3.158199999999999896e+00,2.871000000000000218e-01,4.117000000000000104e-01,4.598799999999999777e+00,2.278999999999999915e+00,2.701499999999999790e+00,1.313129999999999953e+01,2.871000000000000218e-01,9.704499999999999460e+00,2.871000000000000218e-01,4.093700000000000117e+00,1.507000000000000006e-01,9.112999999999999989e-01,0.000000000000000000e+00,1.864720000000000155e+01,1.865060000000000073e+01
5.971000000000000085e+00,4.460300000000000153e+00,1.096540000000000070e+01,6.957300000000000040e+00,8.247999999999999332e+00,4.600799999999999557e+00,1.209999999999999964e+00,0.000000000000000000e+00,1.858600000000000030e+00,4.543899999999999828e+00,5.408199999999999896e+00,1.361009999999999920e+01,1.088000000000000078e+00,1.408580000000000076e+01,6.441999999999999948e-01,7.754999999999999893e+00,0.000000000000000000e+00,1.615299999999999958e+00,2.480999999999999872e-01,1.795619999999999905e+01,1.795540000000000092e+01
6.313200000000000145e+00,5.216499999999999915e+00,9.377900000000000347e+00,4.647300000000000431e+00,9.560100000000000264e+00,5.443699999999999761e+00,1.317299999999999915e+00,2.467000000000000026e-01,1.317299999999999915e+00,4.989799999999999791e+00,5.966899999999999871e+00,1.384849999999999959e+01,6.411000000000000032e-01,1.212899999999999956e+01,0.000000000000000000e+00,6.222500000000000142e+00,6.411000000000000032e-01,9.505000000000000115e-01,0.000000000000000000e+00,1.780420000000000158e+01,1.779960000000000164e+01
5.697300000000000253e+00,5.736699999999999910e+00,1.110640000000000072e+01,6.323000000000000398e+00,4.771099999999999675e+00,2.485399999999999832e+00,7.812999999999999945e-01,0.000000000000000000e+00,5.172999999999999821e-01,3.350499999999999812e+00,4.083700000000000330e+00,1.149579999999999913e+01,8.971999999999999975e-01,1.128240000000000087e+01,0.000000000000000000e+00,6.084100000000000286e+00,0.000000000000000000e+00,1.104300000000000059e+00,0.000000000000000000e+00,1.854360000000000142e+01,1.854400000000000048e+01
5.302900000000000169e+00,4.574799999999999756e+00,8.477700000000000458e+00,1.763600000000000056e+00,7.591999999999999638e+00,4.107999999999999652e+00,0.000000000000000000e+00,4.586999999999999966e-01,6.457900000000000418e+00,3.689599999999999991e+00,4.850299999999999834e+00,1.347920000000000051e+01,9.246999999999999664e-01,1.175830000000000020e+01,3.779000000000000137e-01,3.603299999999999947e+00,2.013000000000000067e-01,2.076900000000000190e+00,1.040999999999999981e-01,1.845880000000000010e+01,1.846049999999999969e+01
5.920600000000000307e+00,4.778900000000000148e+00,8.152400000000000091e+00,4.831000000000000405e+00,6.991100000000000314e+00,3.082599999999999785e+00,0.000000000000000000e+00,0.000000000000000000e+00,1.387100000000000000e+00,3.213999999999999968e+00,4.214800000000000324e+00,1.264279999999999937e+01,8.541999999999999593e-01,1.133120000000000083e+01,0.000000000000000000e+00,5.645900000000000141e+00,2.654000000000000248e-01,1.006999999999999895e+00,0.000000000000000000e+00,1.852520000000000167e+01,1.852489999999999881e+01
5.340700000000000003e+00,6.035599999999999632e+00,1.040869999999999962e+01,6.215499999999999581e+00,6.641200000000000436e+00,3.247900000000000009e+00,1.314699999999999980e+00,0.000000000000000000e+00,1.044399999999999995e+00,2.658199999999999896e+00,3.400900000000000034e+00,1.201099999999999923e+01,2.780000000000000249e-01,1.012160000000000082e+01,0.000000000000000000e+00,4.135500000000000398e+00,0.000000000000000000e+00,8.874999999999999556e-01,0.000000000000000000e+00,1.845169999999999888e+01,1.844729999999999848e+01
5.435299999999999798e+00,5.672799999999999621e+00,1.161050000000000004e+01,5.798600000000000421e+00,7.027400000000000091e+00,3.128200000000000092e+00,1.186099999999999932e+00,7.897999999999999465e-01,8.306800000000000850e+00,3.752800000000000136e+00,4.810299999999999798e+00,1.257300000000000040e+01,7.897999999999999465e-01,1.175769999999999982e+01,0.000000000000000000e+00,5.172900000000000276e+00,0.000000000000000000e+00,8.639000000000000012e-01,0.000000000000000000e+00,1.818649999999999878e+01,1.818680000000000163e+01
5.958700000000000330e+00,4.647800000000000153e+00,9.127800000000000580e+00,6.443399999999999572e+00,8.923899999999999721e+00,5.193399999999999572e+00,3.289000000000000257e-01,0.000000000000000000e+00,1.832000000000000073e+00,3.646399999999999864e+00,4.372600000000000264e+00,1.459500000000000064e+01,1.832000000000000073e+00,1.022889999999999944e+01,0.000000000000000000e+00,5.626199999999999868e+00,0.000000000000000000e+00,1.932199999999999918e+00,3.289000000000000257e-01,1.848369999999999891e+01,1.848539999999999850e+01
3.587899999999999867e+00,5.396399999999999864e+00,8.280200000000000671e+00,3.935599999999999987e+00,9.076800000000000423e+00,5.723700000000000010e+00,0.000000000000000000e+00,3.761999999999999789e-01,4.944600000000000328e+00,4.450000000000000178e+00,5.386099999999999888e+00,1.382160000000000011e+01,0.000000000000000000e+00,9.497099999999999653e+00,3.761999999999999789e-01,6.540199999999999569e+00,9.213000000000000078e-01,1.479100000000000081e+00,0.000000000000000000e+00,1.865230000000000032e+01,1.864789999999999992e+01
4.402800000000000047e+00,7.433500000000000441e+00,8.164600000000000080e+00,1.076799999999999979e+00,6.927599999999999980e+00,3.407999999999999918e+00,2.447999999999999898e-01,2.447999999999999898e-01,9.445000000000000062e-01,3.820399999999999796e+00,5.229499999999999815e+00,1.615139999999999887e+01,1.138700000000000045e+00,1.041280000000000072e+01,0.000000000000000000e+00,3.885099999999999998e+00,7.199999999999999734e-01,1.138700000000000045e+00,0.000000000000000000e+00,1.816619999999999990e+01,1.816799999999999926e+01
6.054899999999999949e+00,6.069499999999999673e+00,1.036839999999999939e+01,6.795899999999999608e+00,6.775299999999999656e+00,3.961300000000000043e+00,7.421999999999999709e-01,0.000000000000000000e+00,1.361699999999999910e+00,4.080899999999999750e+00,4.848399999999999821e+00,1.145730000000000004e+01,2.918999999999999928e-01,1.064690000000000047e+01,0.000000000000000000e+00,4.837100000000000399e+00,0.000000000000000000e+00,5.345999999999999641e-01,0.000000000000000000e+00,1.849409999999999954e+01,1.849419999999999931e+01
4.342399999999999594e+00,1.411260000000000048e+01,6.097999999999999865e+00,1.953200000000000047e+00,7.753599999999999604e+00,7.526799999999999713e+00,4.959999999999999964e-01,7.121800000000000352e+00,9.629200000000000870e+00,4.853100000000000414e+00,4.913299999999999557e+00,1.448409999999999975e+01,2.027699999999999836e+00,5.747600000000000264e+00,0.000000000000000000e+00,7.061099999999999710e+00,0.000000000000000000e+00,2.351399999999999935e+00,2.230500000000000149e+00,1.834199999999999875e+01,1.834380000000000166e+01
5.557800000000000296e+00,5.639199999999999768e+00,9.345399999999999707e+00,4.330400000000000027e+00,8.051299999999999457e+00,3.454200000000000159e+00,5.675000000000000044e-01,0.000000000000000000e+00,5.675000000000000044e-01,4.307100000000000151e+00,5.105000000000000426e+00,1.255240000000000045e+01,5.675000000000000044e-01,1.350399999999999956e+01,0.000000000000000000e+00,4.933500000000000441e+00,0.000000000000000000e+00,7.159999999999999698e-01,0.000000000000000000e+00,1.812010000000000076e+01,1.811769999999999925e+01
4.889499999999999957e+00,1.468529999999999980e+01,9.811899999999999622e+00,5.338099999999999845e+00,7.394700000000000273e+00,4.373300000000000409e+00,2.663300000000000001e+00,4.207799999999999763e+00,4.539299999999999891e+00,4.363500000000000156e+00,5.212600000000000122e+00,1.200270000000000081e+01,7.064000000000000279e-01,1.078969999999999985e+01,9.790000000000000091e-02,5.836899999999999977e+00,0.000000000000000000e+00,1.568300000000000027e+00,1.347299999999999942e+00,1.811280000000000001e+01,1.811540000000000106e+01
5.891600000000000392e+00,4.962299999999999933e+00,1.073910000000000053e+01,5.773299999999999876e+00,7.257500000000000284e+00,3.429600000000000204e+00,7.725999999999999535e-01,3.598999999999999977e-01,2.882699999999999818e+00,3.988700000000000134e+00,5.140900000000000247e+00,1.301379999999999981e+01,7.725999999999999535e-01,1.383869999999999933e+01,0.000000000000000000e+00,5.743100000000000094e+00,1.910999999999999921e-01,1.643899999999999917e+00,0.000000000000000000e+00,1.803719999999999857e+01,1.803620000000000090e+01
5.406900000000000261e+00,7.256899999999999906e+00,8.380699999999999150e+00,4.610100000000000087e+00,5.186899999999999622e+00,3.453399999999999803e+00,0.000000000000000000e+00,1.970999999999999974e-01,1.970999999999999974e-01,2.579499999999999904e+00,3.564700000000000202e+00,1.232840000000000025e+01,6.650000000000000355e-01,1.097059999999999924e+01,0.000000000000000000e+00,5.793300000000000338e+00,0.000000000000000000e+00,1.970999999999999974e-01,0.000000000000000000e+00,1.867610000000000170e+01,1.867739999999999867e+01
5.836299999999999599e+00,5.829200000000000159e+00,9.940099999999999270e+00,6.915600000000000414e+00,7.065599999999999881e+00,3.581799999999999873e+00,1.087800000000000100e+00,0.000000000000000000e+00,2.665900000000000158e+00,4.042300000000000004e+00,4.341599999999999682e+00,1.136410000000000053e+01,6.441000000000000059e-01,1.045289999999999964e+01,0.000000000000000000e+00,5.479400000000000048e+00,0.000000000000000000e+00,1.087800000000000100e+00,0.000000000000000000e+00,1.861260000000000048e+01,1.861360000000000170e+01
5.567400000000000126e+00,5.628400000000000070e+00,9.230499999999999261e+00,4.182100000000000151e+00,4.505600000000000271e+00,2.835300000000000153e+00,8.374000000000000332e-01,0.000000000000000000e+00,2.107999999999999874e-01,3.317499999999999893e+00,3.642399999999999860e+00,1.207249999999999979e+01,3.947999999999999843e-01,1.066900000000000048e+01,0.000000000000000000e+00,5.311399999999999899e+00,0.000000000000000000e+00,7.044000000000000261e-01,0.000000000000000000e+00,1.866939999999999955e+01,1.866850000000000165e+01
5.268600000000000172e+00,4.061499999999999666e+00,1.007220000000000049e+01,4.290499999999999758e+00,7.331299999999999706e+00,2.919500000000000206e+00,6.919999999999999485e-01,0.000000000000000000e+00,5.974000000000000421e-01,3.311100000000000154e+00,4.180500000000000327e+00,1.265799999999999947e+01,2.691999999999999948e-01,1.177570000000000050e+01,1.408999999999999975e-01,4.918300000000000338e+00,0.000000000000000000e+00,1.222599999999999909e+00,1.408999999999999975e-01,1.831500000000000128e+01,1.831759999999999877e+01
6.958300000000000374e+00,6.422699999999999854e+00,9.314700000000000202e+00,2.383500000000000174e+00,6.239300000000000068e+00,3.289899999999999824e+00,0.000000000000000000e+00,1.190999999999999975e-01,4.269000000000000017e-01,2.915000000000000036e+00,3.789299999999999891e+00,1.422409999999999997e+01,6.007000000000000117e-01,1.132409999999999961e+01,0.000000000000000000e+00,4.145699999999999719e+00,1.190999999999999975e-01,4.269000000000000017e-01,0.000000000000000000e+00,1.850509999999999877e+01,1.850379999999999825e+01
4.812999999999999723e+00,4.914299999999999891e+00,1.015690000000000026e+01,4.400500000000000078e+00,6.112700000000000244e+00,2.764899999999999913e+00,4.233000000000000096e-01,0.000000000000000000e+00,2.270999999999999963e-01,3.854900000000000215e+00,4.586000000000000298e+00,1.234079999999999977e+01,8.894999999999999574e-01,1.062570000000000014e+01,0.000000000000000000e+00,5.902599999999999625e+00,5.959999999999999742e-01,7.501999999999999780e-01,0.000000000000000000e+00,1.858820000000000050e+01,1.859009999999999962e+01
5.016600000000000392e+00,5.019800000000000040e+00,1.014719999999999978e+01,4.694700000000000095e+00,7.014100000000000001e+00,2.545300000000000118e+00,1.276599999999999957e+00,1.918999999999999873e-01,1.276599999999999957e+00,2.845699999999999896e+00,3.845299999999999940e+00,1.179170000000000051e+01,0.000000000000000000e+00,1.195420000000000016e+01,0.000000000000000000e+00,5.313500000000000334e+00,0.000000000000000000e+00,9.446999999999999842e-01,0.000000000000000000e+00,1.853290000000000148e+01,1.853409999999999869e+01
6.251500000000000057e+00,3.255100000000000104e+00,9.127399999999999736e+00,3.703699999999999992e+00,6.052500000000000213e+00,3.738399999999999945e+00,5.605999999999999872e-01,0.000000000000000000e+00,1.685300000000000020e+00,2.709299999999999820e+00,3.077199999999999935e+00,1.207520000000000060e+01,2.119999999999999940e-01,1.096490000000000009e+01,0.000000000000000000e+00,5.392199999999999882e+00,0.000000000000000000e+00,9.633000000000000451e-01,0.000000000000000000e+00,1.862239999999999895e+01,1.862440000000000140e+01
6.533800000000000274e+00,5.546100000000000030e+00,8.748200000000000642e+00,4.506099999999999994e+00,5.503899999999999793e+00,2.763999999999999790e+00,1.419999999999999873e-01,3.899000000000000243e-01,5.751199999999999868e+00,3.394699999999999829e+00,4.418099999999999916e+00,1.279729999999999990e+01,6.014000000000000457e-01,1.151130000000000031e+01,0.000000000000000000e+00,4.576600000000000001e+00,0.000000000000000000e+00,6.014000000000000457e-01,0.000000000000000000e+00,1.848219999999999885e+01,1.848150000000000048e+01
5.347500000000000142e+00,4.083899999999999864e+00,9.523500000000000298e+00,6.604300000000000281e+00,4.890100000000000335e+00,3.331599999999999895e+00,4.465000000000000080e-01,0.000000000000000000e+00,2.404000000000000026e-01,3.305400000000000116e+00,3.331599999999999895e+00,1.156310000000000038e+01,6.267000000000000348e-01,1.153309999999999924e+01,0.000000000000000000e+00,6.368100000000000094e+00,0.000000000000000000e+00,1.062200000000000033e+00,0.000000000000000000e+00,1.867749999999999844e+01,1.867839999999999989e+01
6.165399999999999991e+00,5.185399999999999565e+00,1.201239999999999952e+01,6.973799999999999777e+00,7.977800000000000225e+00,2.786200000000000010e+00,2.382099999999999884e+00,0.000000000000000000e+00,2.382099999999999884e+00,4.158000000000000362e+00,5.313200000000000145e+00,1.267830000000000013e+01,8.817000000000000393e-01,1.268270000000000053e+01,0.000000000000000000e+00,6.355599999999999916e+00,0.000000000000000000e+00,1.425000000000000044e+00,0.000000000000000000e+00,1.807199999999999918e+01,1.806820000000000093e+01
7.256599999999999717e+00,5.600900000000000212e+00,8.979499999999999815e+00,4.074200000000000266e+00,7.649399999999999977e+00,3.004300000000000193e+00,9.856000000000000316e-01,2.182999999999999940e-01,1.643199999999999994e+00,4.318200000000000038e+00,5.238500000000000156e+00,1.483259999999999934e+01,4.077999999999999958e-01,1.210909999999999975e+01,2.182999999999999940e-01,5.329299999999999926e+00,2.182999999999999940e-01,4.077999999999999958e-01,0.000000000000000000e+00,1.829159999999999897e+01,1.829260000000000019e+01
4.241900000000000226e+00,4.734899999999999665e+00,1.064509999999999934e+01,5.481900000000000439e+00,5.195800000000000196e+00,2.738599999999999923e+00,8.126999999999999780e-01,0.000000000000000000e+00,6.041999999999999593e-01,3.198500000000000121e+00,3.778099999999999792e+00,1.073399999999999999e+01,2.499000000000000110e-01,1.035280000000000022e+01,0.000000000000000000e+00,4.838599999999999568e+00,0.000000000000000000e+00,9.949000000000000066e-01,0.000000000000000000e+00,1.863589999999999947e+01,1.863609999999999900e+01
6.355900000000000105e+00,5.817400000000000126e+00,1.062669999999999959e+01,6.286999999999999922e+00,8.354200000000000514e+00,3.546699999999999964e+00,1.669399999999999995e+00,1.492999999999999883e-01,2.737699999999999800e+00,4.023699999999999832e+00,5.102899999999999991e+00,1.443069999999999986e+01,4.082999999999999963e-01,1.249770000000000003e+01,0.000000000000000000e+00,6.113900000000000112e+00,8.182000000000000384e-01,1.897599999999999953e+00,0.000000000000000000e+00,1.819429999999999836e+01,1.819569999999999865e+01
5.781900000000000261e+00,4.079799999999999649e+00,9.954700000000000770e+00,4.087399999999999700e+00,8.041000000000000369e+00,3.644499999999999851e+00,6.222999999999999643e-01,0.000000000000000000e+00,1.850700000000000012e+00,3.665099999999999802e+00,4.364200000000000301e+00,1.362599999999999945e+01,2.384999999999999898e-01,1.148770000000000024e+01,0.000000000000000000e+00,4.739200000000000301e+00,0.000000000000000000e+00,4.430999999999999939e-01,0.000000000000000000e+00,1.841009999999999991e+01,1.841039999999999921e+01
7.093399999999999928e+00,4.481900000000000439e+00,9.805099999999999483e+00,5.277000000000000135e+00,5.696200000000000152e+00,2.924799999999999844e+00,1.156600000000000072e+00,1.527999999999999914e-01,0.000000000000000000e+00,4.037600000000000300e+00,4.832499999999999574e+00,1.328589999999999982e+01,2.909999999999999809e-01,1.052779999999999916e+01,0.000000000000000000e+00,4.213000000000000078e+00,2.909999999999999809e-01,6.403999999999999693e-01,0.000000000000000000e+00,1.802769999999999939e+01,1.802929999999999922e+01
5.301499999999999879e+00,4.780800000000000161e+00,9.965899999999999537e+00,6.183699999999999974e+00,4.451200000000000045e+00,3.331900000000000084e+00,5.179000000000000270e-01,0.000000000000000000e+00,0.000000000000000000e+00,2.816899999999999959e+00,3.202500000000000124e+00,1.177880000000000038e+01,1.005600000000000049e+00,1.139199999999999946e+01,0.000000000000000000e+00,5.290899999999999714e+00,0.000000000000000000e+00,1.286699999999999955e+00,5.179000000000000270e-01,1.860310000000000130e+01,1.860389999999999944e+01
5.032799999999999940e+00,4.795499999999999652e+00,8.834899999999999309e+00,2.036500000000000199e+00,6.939099999999999824e+00,3.636400000000000077e+00,2.354999999999999871e-01,0.000000000000000000e+00,1.105900000000000105e+00,3.540700000000000180e+00,3.990299999999999958e+00,1.239039999999999964e+01,4.378000000000000225e-01,1.109810000000000052e+01,1.224999999999999978e-01,4.488800000000000345e+00,2.354999999999999871e-01,6.152999999999999581e-01,0.000000000000000000e+00,1.865589999999999904e+01,1.865850000000000009e+01
5.376299999999999635e+00,4.217999999999999972e+00,8.489900000000000446e+00,4.886300000000000310e+00,8.357400000000000162e+00,7.815599999999999881e+00,1.412199999999999900e+00,0.000000000000000000e+00,1.996599999999999930e+00,3.580799999999999983e+00,4.600500000000000256e+00,1.612150000000000105e+01,1.871099999999999985e+00,9.688900000000000290e+00,7.350999999999999757e-01,6.845100000000000406e+00,4.138999999999999901e-01,4.138999999999999901e-01,0.000000000000000000e+00,1.833109999999999928e+01,1.832949999999999946e+01
7.022199999999999775e+00,1.187860000000000049e+01,1.102149999999999963e+01,7.705499999999999794e+00,7.473300000000000054e+00,6.437500000000000000e+00,1.607499999999999929e+00,4.965200000000000280e+00,6.476300000000000168e+00,4.905800000000000161e+00,5.923300000000000232e+00,1.571380000000000088e+01,1.530999999999999917e+00,1.251629999999999932e+01,0.000000000000000000e+00,8.289199999999999235e+00,2.109999999999999931e-01,1.815499999999999892e+00,7.047999999999999821e-01,1.777710000000000079e+01,1.777740000000000009e+01
5.670700000000000074e+00,8.364399999999999835e+00,1.348010000000000019e+01,8.165100000000000691e+00,7.976899999999999658e+00,5.418899999999999828e+00,3.155600000000000183e+00,0.000000000000000000e+00,2.235199999999999854e+00,6.103100000000000414e+00,7.183699999999999974e+00,1.204809999999999981e+01,5.796000000000000041e-01,1.224469999999999992e+01,0.000000000000000000e+00,7.832600000000000229e+00,0.000000000000000000e+00,2.844100000000000072e+00,0.000000000000000000e+00,1.718260000000000076e+01,1.717360000000000042e+01
5.373000000000000220e+00,6.516200000000000436e+00,8.161699999999999733e+00,2.432700000000000085e+00,8.321199999999999264e+00,4.876800000000000246e+00,6.485999999999999543e-01,0.000000000000000000e+00,4.078299999999999592e+00,3.659400000000000208e+00,4.609600000000000364e+00,1.518190000000000062e+01,5.117000000000000437e-01,1.137570000000000014e+01,0.000000000000000000e+00,5.183200000000000252e+00,1.885999999999999899e+00,1.094400000000000039e+00,0.000000000000000000e+00,1.833050000000000068e+01,1.833210000000000051e+01
5.584500000000000242e+00,4.531900000000000261e+00,1.095459999999999923e+01,6.559499999999999886e+00,6.692400000000000126e+00,3.336800000000000210e+00,1.025300000000000100e+00,0.000000000000000000e+00,8.974999999999999645e-01,3.690100000000000158e+00,4.545200000000000351e+00,1.173750000000000071e+01,2.296999999999999875e-01,1.216789999999999949e+01,0.000000000000000000e+00,6.400599999999999845e+00,6.090000000000000274e-02,1.302699999999999969e+00,0.000000000000000000e+00,1.849429999999999907e+01,1.849429999999999907e+01
4.625300000000000189e+00,6.461299999999999599e+00,1.011759999999999948e+01,5.550099999999999589e+00,6.409900000000000375e+00,3.104800000000000004e+00,1.129599999999999937e+00,0.000000000000000000e+00,1.821399999999999908e+00,3.244000000000000217e+00,3.938699999999999868e+00,1.116900000000000048e+01,5.608999999999999542e-01,1.201880000000000059e+01,0.000000000000000000e+00,5.790000000000000036e+00,1.100000000000000006e-01,7.762999999999999901e-01,0.000000000000000000e+00,1.863789999999999836e+01,1.864029999999999987e+01
6.442400000000000126e+00,3.925499999999999989e+00,9.890700000000000713e+00,4.259000000000000008e-01,6.994200000000000195e+00,3.328199999999999825e+00,3.208200000000000163e+00,0.000000000000000000e+00,5.439000000000000501e-01,3.311599999999999877e+00,4.500499999999999723e+00,1.462969999999999970e+01,1.100800000000000001e+00,1.086529999999999951e+01,0.000000000000000000e+00,4.410199999999999676e+00,9.378999999999999559e-01,6.529000000000000359e-01,0.000000000000000000e+00,1.843459999999999965e+01,1.843440000000000012e+01
6.508300000000000196e+00,4.047200000000000131e+00,1.034520000000000017e+01,7.862700000000000244e+00,7.955899999999999750e+00,4.700199999999999712e+00,2.287700000000000067e+00,5.707999999999999741e-01,1.967999999999999972e+00,4.129500000000000171e+00,5.128300000000000303e+00,1.328470000000000084e+01,1.432299999999999907e+00,1.472080000000000055e+01,0.000000000000000000e+00,7.901299999999999990e+00,0.000000000000000000e+00,3.452799999999999869e+00,0.000000000000000000e+00,1.814880000000000138e+01,1.814910000000000068e+01
6.547600000000000087e+00,1.047519999999999918e+01,8.558299999999999130e+00,4.137400000000000411e+00,7.883799999999999919e+00,6.030300000000000438e+00,3.931000000000000050e-01,8.343000000000000416e-01,2.624699999999999811e+00,5.710399999999999920e+00,6.571500000000000341e+00,1.735490000000000066e+01,9.556999999999999940e-01,6.901299999999999990e+00,0.000000000000000000e+00,7.658599999999999852e+00,1.674600000000000088e+00,1.872600000000000042e+00,0.000000000000000000e+00,1.779579999999999984e+01,1.779329999999999856e+01
6.730299999999999727e+00,6.778200000000000003e+00,9.893200000000000216e+00,5.311899999999999622e+00,6.317599999999999660e+00,4.269499999999999851e+00,0.000000000000000000e+00,1.628999999999999893e-01,1.628999999999999893e-01,4.776799999999999713e+00,5.416599999999999859e+00,1.289329999999999998e+01,6.758999999999999453e-01,1.316729999999999912e+01,1.628999999999999893e-01,5.688100000000000378e+00,0.000000000000000000e+00,6.758999999999999453e-01,0.000000000000000000e+00,1.836139999999999972e+01,1.836199999999999832e+01
5.291999999999999815e+00,5.000600000000000378e+00,1.036420000000000030e+01,1.639000000000000012e+00,7.873000000000000220e+00,4.191300000000000026e+00,1.120900000000000007e+00,1.602000000000000091e-01,1.268899999999999917e+00,3.811500000000000110e+00,4.957600000000000229e+00,1.349130000000000074e+01,8.658000000000000140e-01,1.190920000000000023e+01,1.602000000000000091e-01,7.174299999999999677e+00,4.355999999999999872e-01,1.337499999999999911e+00,0.000000000000000000e+00,1.818080000000000140e+01,1.818410000000000082e+01
6.161699999999999733e+00,5.766399999999999970e+00,9.903100000000000236e+00,3.500399999999999956e+00,8.594099999999999184e+00,4.046999999999999709e+00,1.203699999999999992e+00,4.068999999999999839e-01,2.557599999999999874e+00,3.742100000000000204e+00,4.880399999999999849e+00,1.569780000000000086e+01,8.157999999999999696e-01,1.244929999999999914e+01,0.000000000000000000e+00,4.982999999999999652e+00,8.157999999999999696e-01,7.238999999999999879e-01,0.000000000000000000e+00,1.823699999999999832e+01,1.823750000000000071e+01
5.906299999999999883e+00,6.666999999999999815e+00,9.696400000000000574e+00,2.442400000000000126e+00,6.615999999999999659e+00,4.189700000000000202e+00,1.104300000000000059e+00,0.000000000000000000e+00,3.278900000000000148e+00,2.701099999999999834e+00,4.095799999999999663e+00,1.317900000000000027e+01,7.983999999999999986e-01,1.142120000000000068e+01,1.139000000000000012e-01,4.060699999999999754e+00,1.139000000000000012e-01,4.097999999999999976e-01,0.000000000000000000e+00,1.824439999999999884e+01,1.824650000000000105e+01
5.618699999999999584e+00,4.495199999999999640e+00,9.276600000000000179e+00,6.114099999999999646e+00,7.867600000000000371e+00,3.797600000000000087e+00,3.312999999999999834e-01,1.751000000000000056e-01,1.421000000000000041e+00,2.872500000000000053e+00,3.484799999999999898e+00,1.296310000000000073e+01,1.751000000000000056e-01,1.108060000000000045e+01,1.751000000000000056e-01,4.805900000000000283e+00,4.721000000000000196e-01,1.023200000000000109e+00,0.000000000000000000e+00,1.863729999999999976e+01,1.863889999999999958e+01
5.933300000000000018e+00,5.045300000000000118e+00,9.265299999999999869e+00,6.056099999999999817e+00,8.453699999999999548e+00,5.132500000000000284e+00,9.533000000000000362e-01,0.000000000000000000e+00,6.431999999999999940e-01,4.766300000000000203e+00,5.533400000000000318e+00,1.364259999999999984e+01,2.475999999999999868e-01,1.027420000000000044e+01,4.588999999999999746e-01,5.140200000000000102e+00,2.475999999999999868e-01,1.208399999999999919e+00,0.000000000000000000e+00,1.852070000000000149e+01,1.851970000000000027e+01
5.395800000000000374e+00,6.127100000000000435e+00,9.775499999999999190e+00,1.520199999999999996e+00,1.096059999999999945e+01,5.883499999999999730e+00,0.000000000000000000e+00,7.661000000000000032e-01,8.042299999999999116e+00,4.817999999999999616e+00,5.810299999999999798e+00,1.862470000000000070e+01,1.835499999999999909e+00,8.052500000000000213e+00,4.333000000000000185e-01,7.126400000000000290e+00,1.036299999999999999e+00,7.661000000000000032e-01,0.000000000000000000e+00,1.577439999999999998e+01,1.577640000000000065e+01
5.841800000000000104e+00,4.995700000000000252e+00,1.011599999999999966e+01,6.879599999999999937e+00,7.073800000000000310e+00,3.976799999999999891e+00,4.894999999999999907e-01,2.654000000000000248e-01,4.610599999999999810e+00,3.214399999999999924e+00,3.900799999999999823e+00,1.186280000000000001e+01,8.544000000000000483e-01,1.113870000000000005e+01,0.000000000000000000e+00,6.991399999999999615e+00,0.000000000000000000e+00,6.834000000000000075e-01,0.000000000000000000e+00,1.853559999999999874e+01,1.853679999999999950e+01
6.878599999999999604e+00,6.453199999999999825e+00,1.155649999999999977e+01,9.273999999999999133e+00,8.365800000000000125e+00,4.626999999999999780e+00,1.120200000000000085e+00,0.000000000000000000e+00,1.638200000000000101e+00,4.854700000000000237e+00,5.303700000000000081e+00,1.391709999999999958e+01,3.042000000000000259e-01,1.274699999999999989e+01,0.000000000000000000e+00,8.551500000000000767e+00,0.000000000000000000e+00,2.385600000000000165e+00,0.000000000000000000e+00,1.804420000000000002e+01,1.804139999999999944e+01
3.429800000000000182e+00,4.828199999999999825e+00,6.803200000000000358e+00,4.319999999999999951e-01,8.826599999999999113e+00,6.372899999999999565e+00,0.000000000000000000e+00,2.321000000000000008e-01,1.709100000000000064e+00,5.293899999999999828e+00,6.050699999999999967e+00,1.209699999999999953e+01,1.362400000000000055e+00,1.054710000000000036e+01,2.321000000000000008e-01,6.320299999999999585e+00,0.000000000000000000e+00,1.260999999999999899e+00,0.000000000000000000e+00,1.867839999999999989e+01,1.867899999999999849e+01
5.616900000000000226e+00,6.803700000000000081e+00,7.616200000000000081e+00,3.050300000000000011e+00,9.792299999999999116e+00,5.816499999999999559e+00,0.000000000000000000e+00,0.000000000000000000e+00,2.424999999999999822e+00,5.482300000000000395e+00,7.077099999999999724e+00,1.175629999999999953e+01,1.296799999999999953e+00,1.016789999999999949e+01,0.000000000000000000e+00,5.280800000000000161e+00,0.000000000000000000e+00,5.385100000000000442e+00,0.000000000000000000e+00,1.799330000000000140e+01,1.798590000000000089e+01
4.058200000000000252e+00,5.728200000000000180e+00,9.182199999999999918e+00,4.740099999999999980e+00,8.973399999999999821e+00,5.735699999999999577e+00,8.788000000000000256e-01,7.061099999999999710e+00,1.202149999999999963e+01,4.869900000000000340e+00,5.750799999999999912e+00,1.371369999999999933e+01,2.376900000000000013e+00,1.010829999999999984e+01,3.557000000000000162e-01,7.320299999999999585e+00,8.788000000000000256e-01,1.814200000000000035e+00,2.524399999999999977e+00,1.802100000000000080e+01,1.801579999999999870e+01
5.602899999999999991e+00,5.607599999999999696e+00,7.506400000000000183e+00,4.798899999999999721e+00,9.588599999999999568e+00,5.690299999999999692e+00,2.137999999999999901e-01,7.127999999999999892e-01,2.611499999999999932e+00,3.314000000000000057e+00,4.389999999999999680e+00,1.642439999999999856e+01,5.647999999999999687e-01,9.989800000000000679e+00,0.000000000000000000e+00,5.463599999999999568e+00,1.544399999999999995e+00,9.697000000000000064e-01,2.137999999999999901e-01,1.847439999999999927e+01,1.847370000000000090e+01
5.480000000000000426e+00,1.184660000000000046e+01,7.403900000000000148e+00,3.934200000000000141e+00,1.017820000000000036e+01,7.854199999999999626e+00,0.000000000000000000e+00,3.377899999999999903e+00,6.414600000000000080e+00,7.291000000000000369e+00,7.913899999999999935e+00,1.697820000000000107e+01,4.879999999999999893e+00,9.205199999999999605e+00,8.256000000000000005e-01,8.004200000000000870e+00,9.266999999999999682e-01,3.207500000000000018e+00,8.256000000000000005e-01,1.758480000000000132e+01,1.758249999999999957e+01
5.381099999999999994e+00,5.782000000000000028e+00,8.425100000000000477e+00,4.594899999999999984e+00,6.931300000000000239e+00,4.828299999999999592e+00,0.000000000000000000e+00,3.895500000000000185e+00,9.775800000000000267e+00,3.779500000000000082e+00,4.796599999999999753e+00,1.320640000000000036e+01,2.033799999999999830e+00,8.758900000000000574e+00,0.000000000000000000e+00,7.710200000000000387e+00,0.000000000000000000e+00,4.369000000000000106e-01,2.348999999999999977e-01,1.835800000000000054e+01,1.835750000000000171e+01
5.204299999999999926e+00,1.350769999999999982e+01,7.270800000000000374e+00,4.033100000000000129e+00,9.763999999999999346e+00,7.777000000000000135e+00,0.000000000000000000e+00,7.808500000000000441e+00,1.101280000000000037e+01,5.540600000000000414e+00,6.451800000000000423e+00,1.496899999999999942e+01,2.142700000000000049e+00,1.001249999999999929e+01,0.000000000000000000e+00,7.597800000000000331e+00,6.501000000000000112e-01,1.943599999999999994e+00,3.630700000000000038e+00,1.807949999999999946e+01,1.808010000000000161e+01
6.243599999999999817e+00,5.200700000000000323e+00,9.423899999999999721e+00,6.810900000000000176e+00,5.252799999999999692e+00,2.975200000000000067e+00,5.018000000000000238e-01,6.040999999999999703e-01,7.891000000000000236e-01,3.103000000000000203e+00,3.890600000000000058e+00,1.258719999999999928e+01,8.733999999999999542e-01,1.073039999999999949e+01,0.000000000000000000e+00,6.424000000000000377e+00,1.426999999999999935e-01,1.468800000000000106e+00,0.000000000000000000e+00,1.852250000000000085e+01,1.852289999999999992e+01
5.823500000000000121e+00,3.883900000000000130e+00,9.555199999999999250e+00,6.964199999999999946e+00,5.808699999999999974e+00,3.586199999999999832e+00,6.594999999999999751e-01,0.000000000000000000e+00,1.292000000000000037e+00,2.296199999999999797e+00,3.187899999999999956e+00,1.061400000000000077e+01,1.952000000000000124e-01,9.995799999999999130e+00,1.952000000000000124e-01,5.038800000000000168e+00,0.000000000000000000e+00,1.203999999999999959e+00,0.000000000000000000e+00,1.856850000000000023e+01,1.856950000000000145e+01
6.638499999999999623e+00,8.196899999999999409e+00,9.198999999999999844e+00,2.545199999999999907e+00,7.924500000000000099e+00,4.461400000000000254e+00,2.753999999999999782e-01,1.036699999999999955e+00,1.532399999999999984e+00,3.935500000000000220e+00,5.119100000000000428e+00,1.460769999999999946e+01,9.607999999999999874e-01,1.179609999999999914e+01,6.095000000000000417e-01,4.440599999999999881e+00,7.957999999999999519e-01,3.956000000000000072e-01,0.000000000000000000e+00,1.816199999999999903e+01,1.816290000000000049e+01
6.553099999999999703e+00,3.675300000000000011e+00,9.186899999999999622e+00,6.523699999999999832e+00,5.028299999999999770e+00,3.282700000000000173e+00,7.642999999999999794e-01,1.371999999999999886e-01,7.019999999999999851e-02,2.085100000000000176e+00,2.675499999999999989e+00,1.185379999999999967e+01,8.061000000000000387e-01,1.222610000000000063e+01,0.000000000000000000e+00,4.392800000000000260e+00,0.000000000000000000e+00,2.625000000000000111e-01,0.000000000000000000e+00,1.854370000000000118e+01,1.854429999999999978e+01
5.922799999999999621e+00,5.999699999999999811e+00,9.956699999999999662e+00,4.182500000000000107e+00,6.516499999999999737e+00,2.825400000000000134e+00,9.972999999999999643e-01,2.884999999999999787e-01,1.149000000000000021e+00,3.379799999999999915e+00,4.146899999999999586e+00,1.328369999999999962e+01,5.289000000000000368e-01,1.252040000000000042e+01,0.000000000000000000e+00,4.836100000000000065e+00,1.514999999999999958e-01,9.150000000000000355e-01,0.000000000000000000e+00,1.839209999999999923e+01,1.839260000000000161e+01
6.231799999999999784e+00,5.624799999999999578e+00,8.801099999999999923e+00,1.512899999999999912e+00,7.784399999999999764e+00,4.121000000000000441e+00,0.000000000000000000e+00,0.000000000000000000e+00,5.144400000000000084e+00,2.745099999999999874e+00,3.649700000000000166e+00,1.615279999999999916e+01,6.511000000000000121e-01,9.962999999999999190e+00,1.922999999999999987e-01,5.498499999999999943e+00,7.764999999999999680e-01,7.764999999999999680e-01,0.000000000000000000e+00,1.835140000000000171e+01,1.835109999999999886e+01
5.591000000000000192e+00,7.939700000000000202e+00,9.799300000000000566e+00,3.231799999999999784e+00,9.705299999999999372e+00,5.915700000000000180e+00,0.000000000000000000e+00,3.141999999999999793e-01,2.360700000000000021e+00,6.054199999999999804e+00,7.359899999999999665e+00,1.525000000000000000e+01,9.806000000000000272e-01,1.112700000000000067e+01,8.888000000000000345e-01,5.784900000000000375e+00,1.225400000000000045e+00,9.806000000000000272e-01,0.000000000000000000e+00,1.819050000000000011e+01,1.818730000000000047e+01
5.809000000000000163e+00,3.998899999999999899e+00,7.454399999999999693e+00,2.782200000000000006e+00,8.201100000000000279e+00,3.991400000000000059e+00,4.127000000000000113e-01,1.147999999999999993e-01,1.730499999999999927e+00,2.162799999999999834e+00,3.107299999999999951e+00,1.327609999999999957e+01,2.210999999999999910e-01,1.032799999999999940e+01,0.000000000000000000e+00,3.728400000000000158e+00,1.147999999999999993e-01,6.595999999999999641e-01,0.000000000000000000e+00,1.869020000000000081e+01,1.869160000000000110e+01
5.674699999999999633e+00,9.092000000000000526e+00,9.943099999999999383e+00,4.833599999999999675e+00,9.674200000000000799e+00,5.973399999999999821e+00,6.945000000000000062e-01,1.796300000000000008e+00,2.645099999999999785e+00,4.419800000000000395e+00,5.612300000000000288e+00,1.589520000000000088e+01,9.466999999999999860e-01,1.152749999999999986e+01,5.495999999999999774e-01,7.179000000000000270e+00,2.074000000000000010e-01,1.257700000000000040e+00,2.074000000000000010e-01,1.776190000000000069e+01,1.776200000000000045e+01
5.739499999999999602e+00,4.027899999999999814e+00,9.071300000000000807e+00,4.690299999999999692e+00,4.407099999999999795e+00,1.978900000000000103e+00,2.026999999999999913e-01,0.000000000000000000e+00,2.026999999999999913e-01,2.767300000000000093e+00,3.318499999999999783e+00,1.152849999999999930e+01,5.385999999999999677e-01,1.134680000000000000e+01,0.000000000000000000e+00,5.040399999999999991e+00,0.000000000000000000e+00,2.026999999999999913e-01,0.000000000000000000e+00,1.856439999999999912e+01,1.856380000000000052e+01
5.208000000000000185e+00,4.309999999999999609e+00,1.019619999999999926e+01,5.467800000000000438e+00,8.035700000000000287e+00,2.718999999999999861e+00,8.745000000000000551e-01,0.000000000000000000e+00,1.754999999999999893e+00,3.037199999999999900e+00,3.772800000000000153e+00,1.258169999999999966e+01,5.890000000000000097e-02,1.111250000000000071e+01,0.000000000000000000e+00,5.302399999999999558e+00,0.000000000000000000e+00,1.029800000000000049e+00,0.000000000000000000e+00,1.856380000000000052e+01,1.856350000000000122e+01
5.372799999999999798e+00,4.611100000000000421e+00,1.020930000000000071e+01,5.922500000000000320e+00,3.989700000000000024e+00,2.022100000000000009e+00,2.763999999999999790e-01,0.000000000000000000e+00,1.448000000000000120e-01,2.497100000000000097e+00,2.789200000000000124e+00,1.123509999999999920e+01,0.000000000000000000e+00,1.150040000000000084e+01,0.000000000000000000e+00,4.473900000000000432e+00,0.000000000000000000e+00,2.763999999999999790e-01,0.000000000000000000e+00,1.869150000000000134e+01,1.869150000000000134e+01
5.312800000000000189e+00,2.912500000000000089e+00,8.981400000000000716e+00,1.746199999999999974e+00,6.032000000000000028e+00,3.395900000000000141e+00,5.141000000000000014e-01,0.000000000000000000e+00,1.651100000000000012e+00,3.335999999999999854e+00,3.757400000000000073e+00,1.348470000000000013e+01,9.733000000000000540e-01,1.209340000000000082e+01,0.000000000000000000e+00,3.104299999999999837e+00,0.000000000000000000e+00,8.066999999999999726e-01,0.000000000000000000e+00,1.852639999999999887e+01,1.852769999999999939e+01
5.043899999999999828e+00,5.646499999999999631e+00,1.048700000000000010e+01,5.251599999999999824e+00,7.316399999999999793e+00,3.840800000000000214e+00,5.302999999999999936e-01,0.000000000000000000e+00,0.000000000000000000e+00,4.846300000000000274e+00,5.533400000000000318e+00,1.362270000000000003e+01,2.893999999999999906e-01,1.240750000000000064e+01,2.893999999999999906e-01,7.263099999999999667e+00,0.000000000000000000e+00,0.000000000000000000e+00,0.000000000000000000e+00,1.839300000000000068e+01,1.839229999999999876e+01
4.812299999999999578e+00,1.063269999999999982e+01,9.097400000000000375e+00,4.457300000000000040e+00,1.092709999999999937e+01,7.589599999999999902e+00,1.903799999999999937e+00,0.000000000000000000e+00,3.128000000000000114e+00,7.301700000000000301e+00,8.668200000000000571e+00,1.809789999999999921e+01,5.694000000000000172e-01,9.153700000000000614e+00,4.033999999999999808e-01,8.897800000000000153e+00,5.694000000000000172e-01,3.521500000000000075e+00,0.000000000000000000e+00,1.651010000000000133e+01,1.650669999999999860e+01
5.908699999999999619e+00,7.559599999999999653e+00,1.158120000000000083e+01,7.132699999999999818e+00,8.719900000000000873e+00,4.105699999999999683e+00,2.107499999999999929e+00,0.000000000000000000e+00,3.160699999999999843e+00,4.944200000000000372e+00,5.589800000000000324e+00,1.240520000000000067e+01,2.209000000000000130e-01,1.296920000000000073e+01,0.000000000000000000e+00,7.096499999999999808e+00,4.124999999999999778e-01,1.931000000000000050e+00,0.000000000000000000e+00,1.809809999999999874e+01,1.809219999999999828e+01
5.435900000000000176e+00,6.533599999999999852e+00,9.887900000000000134e+00,3.580999999999999961e+00,5.940199999999999925e+00,3.950099999999999945e+00,1.150999999999999940e-01,4.138999999999999901e-01,5.011999999999999789e-01,3.111600000000000144e+00,4.237499999999999822e+00,1.238230000000000075e+01,1.366600000000000037e+00,1.149729999999999919e+01,0.000000000000000000e+00,5.627500000000000391e+00,1.150999999999999940e-01,6.613999999999999879e-01,0.000000000000000000e+00,1.849940000000000140e+01,1.850179999999999936e+01
4.597100000000000186e+00,6.631800000000000139e+00,7.886300000000000310e+00,3.933399999999999785e+00,9.249700000000000699e+00,7.094299999999999606e+00,0.000000000000000000e+00,0.000000000000000000e+00,0.000000000000000000e+00,4.795600000000000307e+00,5.620300000000000296e+00,1.287390000000000079e+01,0.000000000000000000e+00,9.800300000000000011e+00,0.000000000000000000e+00,6.966300000000000381e+00,2.192099999999999937e+00,1.477600000000000025e+00,0.000000000000000000e+00,1.795639999999999858e+01,1.795599999999999952e+01
5.176400000000000112e+00,4.544100000000000250e+00,1.052860000000000085e+01,4.162099999999999689e+00,8.346700000000000230e+00,3.368399999999999839e+00,7.947999999999999510e-01,7.929999999999999549e-02,2.619200000000000195e+00,3.352500000000000036e+00,4.250399999999999956e+00,1.205070000000000086e+01,3.590999999999999748e-01,1.191879999999999917e+01,0.000000000000000000e+00,4.748999999999999666e+00,1.544999999999999984e-01,1.165799999999999947e+00,0.000000000000000000e+00,1.854289999999999949e+01,1.854390000000000072e+01
5.532700000000000173e+00,2.633700000000000152e+00,9.025399999999999423e+00,4.454699999999999882e+00,4.054700000000000415e+00,2.397499999999999964e+00,3.921999999999999931e-01,2.728999999999999759e-01,1.428999999999999992e-01,2.115000000000000213e+00,2.480599999999999916e+00,1.052130000000000010e+01,0.000000000000000000e+00,1.036720000000000041e+01,0.000000000000000000e+00,3.589399999999999924e+00,0.000000000000000000e+00,2.728999999999999759e-01,0.000000000000000000e+00,1.867220000000000013e+01,1.867289999999999850e+01
5.474899999999999878e+00,4.614899999999999558e+00,1.012190000000000012e+01,4.959299999999999820e+00,8.933400000000000674e+00,4.614899999999999558e+00,1.724299999999999944e+00,0.000000000000000000e+00,1.507600000000000051e+00,4.032300000000000217e+00,5.152400000000000091e+00,1.420359999999999978e+01,2.061999999999999944e-01,1.273910000000000053e+01,2.061999999999999944e-01,5.189300000000000246e+00,1.053299999999999903e+00,1.583499999999999908e+00,0.000000000000000000e+00,1.816130000000000067e+01,1.815950000000000131e+01
5.775400000000000311e+00,3.383799999999999919e+00,1.038080000000000069e+01,5.456400000000000361e+00,7.060999999999999943e+00,2.676499999999999879e+00,1.497800000000000020e+00,1.101000000000000034e-01,1.022199999999999998e+00,2.729299999999999837e+00,3.606799999999999784e+00,1.254850000000000065e+01,2.124000000000000055e-01,1.171320000000000050e+01,0.000000000000000000e+00,5.512599999999999945e+00,0.000000000000000000e+00,7.087999999999999856e-01,0.000000000000000000e+00,1.842229999999999990e+01,1.842370000000000019e+01
5.097599999999999909e+00,4.186399999999999899e+00,9.116199999999999193e+00,5.047200000000000131e+00,6.350200000000000067e+00,4.044200000000000017e+00,5.134999999999999565e-01,0.000000000000000000e+00,2.795000000000000262e-01,3.349299999999999944e+00,4.244500000000000384e+00,1.297000000000000064e+01,9.723000000000000531e-01,1.192989999999999995e+01,0.000000000000000000e+00,5.833000000000000185e+00,2.795000000000000262e-01,8.057999999999999607e-01,0.000000000000000000e+00,1.854609999999999914e+01,1.854530000000000101e+01
3.878000000000000114e+00,6.140900000000000247e+00,7.388300000000000090e+00,1.038499999999999979e+00,8.092399999999999594e+00,6.119200000000000195e+00,0.000000000000000000e+00,0.000000000000000000e+00,1.038499999999999979e+00,3.654700000000000060e+00,3.977899999999999991e+00,1.234680000000000000e+01,0.000000000000000000e+00,1.051779999999999937e+01,0.000000000000000000e+00,4.773500000000000298e+00,1.635999999999999899e+00,2.383000000000000007e+00,0.000000000000000000e+00,1.845479999999999876e+01,1.845720000000000027e+01
5.534399999999999764e+00,7.877100000000000435e+00,1.002200000000000024e+01,4.099700000000000344e+00,1.242559999999999931e+01,8.223800000000000665e+00,1.412500000000000089e+00,3.290500000000000203e+00,8.781399999999999650e+00,5.903999999999999915e+00,6.871599999999999930e+00,1.724899999999999878e+01,5.605999999999999872e-01,1.323569999999999958e+01,7.759000000000000341e-01,7.220600000000000129e+00,1.277700000000000058e+00,1.852700000000000014e+00,5.605999999999999872e-01,1.668280000000000030e+01,1.667360000000000042e+01
5.677999999999999936e+00,4.523399999999999643e+00,1.065740000000000087e+01,5.958700000000000330e+00,8.141999999999999460e+00,3.104200000000000070e+00,1.432900000000000063e+00,1.375000000000000111e-01,2.035499999999999865e+00,3.807199999999999918e+00,4.781200000000000117e+00,1.387720000000000020e+01,4.853999999999999981e-01,1.163640000000000008e+01,0.000000000000000000e+00,5.658100000000000129e+00,5.848999999999999755e-01,1.536000000000000032e+00,0.000000000000000000e+00,1.833170000000000144e+01,1.833370000000000033e+01
5.115199999999999747e+00,5.379699999999999704e+00,1.013299999999999912e+01,4.769999999999999574e+00,6.091400000000000148e+00,3.198500000000000121e+00,1.590500000000000025e+00,0.000000000000000000e+00,4.878000000000000114e-01,3.177299999999999791e+00,3.751799999999999802e+00,1.234999999999999964e+01,7.402999999999999581e-01,1.268379999999999974e+01,1.816000000000000114e-01,4.755700000000000038e+00,0.000000000000000000e+00,1.816000000000000114e-01,0.000000000000000000e+00,1.855859999999999843e+01,1.855699999999999861e+01
5.775699999999999612e+00,4.928799999999999848e+00,1.034249999999999936e+01,5.646700000000000053e+00,6.349899999999999878e+00,2.985199999999999854e+00,7.393999999999999462e-01,0.000000000000000000e+00,2.906000000000000250e-01,3.778300000000000214e+00,4.428399999999999892e+00,1.249510000000000076e+01,0.000000000000000000e+00,1.221850000000000058e+01,0.000000000000000000e+00,5.483600000000000030e+00,0.000000000000000000e+00,1.225899999999999990e+00,0.000000000000000000e+00,1.847599999999999909e+01,1.847100000000000009e+01
5.988400000000000389e+00,4.335399999999999920e+00,9.495499999999999829e+00,2.243599999999999817e+00,7.556799999999999962e+00,3.687699999999999978e+00,8.868000000000000327e-01,7.478000000000000203e-01,2.391000000000000014e+00,3.915900000000000158e+00,4.707699999999999996e+00,1.513230000000000075e+01,5.939999999999999725e-01,1.202929999999999922e+01,2.263000000000000012e-01,3.483900000000000219e+00,4.218000000000000083e-01,1.013500000000000068e+00,0.000000000000000000e+00,1.836449999999999960e+01,1.836380000000000123e+01
6.351899999999999658e+00,5.485699999999999577e+00,1.039509999999999934e+01,5.255899999999999572e+00,7.815000000000000391e+00,3.341099999999999959e+00,1.428399999999999892e+00,0.000000000000000000e+00,1.922500000000000098e+00,4.128599999999999604e+00,4.702300000000000146e+00,1.299520000000000053e+01,1.285500000000000087e+00,1.231090000000000018e+01,2.253999999999999893e-01,5.223600000000000243e+00,0.000000000000000000e+00,4.203999999999999959e-01,0.000000000000000000e+00,1.851320000000000121e+01,1.851330000000000098e+01
6.432699999999999640e+00,7.081999999999999851e+00,1.053250000000000064e+01,5.301700000000000301e+00,6.811200000000000365e+00,4.904099999999999682e+00,1.447799999999999976e+00,1.940999999999999948e-01,0.000000000000000000e+00,3.817899999999999849e+00,4.978399999999999714e+00,1.298809999999999931e+01,3.650999999999999801e-01,1.199709999999999965e+01,5.180000000000000160e-01,5.451699999999999768e+00,0.000000000000000000e+00,8.982999999999999874e-01,0.000000000000000000e+00,1.830290000000000106e+01,1.830249999999999844e+01
6.843300000000000161e+00,7.120499999999999829e+00,9.026699999999999946e+00,7.205000000000000293e-01,6.954299999999999926e+00,4.373400000000000176e+00,7.205000000000000293e-01,1.605999999999999928e-01,1.958099999999999952e+00,3.808800000000000185e+00,4.844800000000000217e+00,1.333079999999999998e+01,6.680000000000000382e-01,1.077469999999999928e+01,0.000000000000000000e+00,4.226899999999999658e+00,0.000000000000000000e+00,8.201000000000000512e-01,0.000000000000000000e+00,1.839079999999999870e+01,1.839140000000000086e+01
5.751400000000000290e+00,3.339700000000000113e+00,7.919999999999999929e+00,3.372599999999999820e+00,6.249699999999999811e+00,2.563800000000000079e+00,4.339000000000000079e-01,0.000000000000000000e+00,2.673700000000000188e+00,2.245800000000000018e+00,3.104900000000000215e+00,1.265060000000000073e+01,3.033000000000000140e-01,1.228749999999999964e+01,4.339000000000000079e-01,4.257799999999999585e+00,7.671000000000000041e-01,4.339000000000000079e-01,0.000000000000000000e+00,1.852039999999999864e+01,1.851820000000000022e+01
6.027000000000000135e+00,7.369799999999999685e+00,9.877700000000000813e+00,1.581499999999999906e+00,7.761499999999999844e+00,3.410299999999999887e+00,0.000000000000000000e+00,7.348999999999999977e-01,4.300799999999999734e+00,4.625899999999999679e+00,5.719800000000000217e+00,1.512059999999999960e+01,2.886000000000000232e-01,1.106359999999999921e+01,0.000000000000000000e+00,5.316799999999999748e+00,2.886000000000000232e-01,2.886000000000000232e-01,0.000000000000000000e+00,1.818939999999999912e+01,1.819119999999999848e+01
5.604599999999999582e+00,5.870300000000000296e+00,9.155699999999999505e+00,4.787899999999999601e+00,7.670899999999999608e+00,4.894700000000000273e+00,2.545000000000000040e-01,0.000000000000000000e+00,4.707999999999999963e-01,4.072199999999999598e+00,4.767599999999999838e+00,1.307890000000000086e+01,9.743000000000000549e-01,1.211009999999999920e+01,0.000000000000000000e+00,6.612599999999999589e+00,0.000000000000000000e+00,0.000000000000000000e+00,0.000000000000000000e+00,1.857740000000000080e+01,1.857839999999999847e+01
6.192599999999999660e+00,6.572700000000000209e+00,8.712999999999999190e+00,3.491299999999999848e+00,5.584600000000000009e+00,3.061500000000000110e+00,9.850000000000000422e-02,9.850000000000000422e-02,5.708700000000000330e+00,3.244699999999999918e+00,3.829099999999999948e+00,1.249109999999999943e+01,4.364999999999999991e-01,1.050980000000000025e+01,0.000000000000000000e+00,4.420899999999999608e+00,0.000000000000000000e+00,1.907000000000000084e-01,0.000000000000000000e+00,1.854700000000000060e+01,1.854739999999999966e+01
6.197199999999999598e+00,7.373700000000000365e+00,1.108919999999999995e+01,3.687199999999999811e+00,8.685399999999999565e+00,4.172299999999999898e+00,1.668199999999999905e+00,0.000000000000000000e+00,3.235100000000000087e+00,5.003999999999999559e+00,6.210799999999999876e+00,1.541499999999999915e+01,1.129699999999999926e+00,1.242910000000000004e+01,0.000000000000000000e+00,5.354000000000000092e+00,7.596000000000000529e-01,9.192000000000000171e-01,0.000000000000000000e+00,1.795349999999999824e+01,1.795380000000000109e+01
5.689099999999999824e+00,5.658500000000000085e+00,1.024530000000000030e+01,5.343700000000000117e+00,7.058900000000000396e+00,4.328000000000000291e+00,0.000000000000000000e+00,2.757299999999999862e+00,1.389799999999999924e+00,4.119699999999999918e+00,4.630200000000000315e+00,1.307690000000000019e+01,6.229999999999999982e-01,1.318099999999999916e+01,0.000000000000000000e+00,5.971599999999999575e+00,0.000000000000000000e+00,1.575499999999999901e+00,0.000000000000000000e+00,1.844640000000000057e+01,1.844889999999999830e+01
5.535000000000000142e+00,5.773299999999999876e+00,8.228600000000000136e+00,2.095000000000000195e+00,5.525699999999999612e+00,4.142299999999999649e+00,2.000000000000000111e-01,2.000000000000000111e-01,3.756999999999999784e-01,2.598599999999999799e+00,3.310999999999999943e+00,1.176980000000000004e+01,5.322999999999999954e-01,1.107199999999999918e+01,2.000000000000000111e-01,4.921299999999999564e+00,0.000000000000000000e+00,8.021000000000000352e-01,0.000000000000000000e+00,1.860389999999999944e+01,1.860190000000000055e+01
6.508600000000000385e+00,6.307100000000000151e+00,1.007770000000000010e+01,5.878300000000000303e+00,9.314700000000000202e+00,4.318100000000000271e+00,1.667999999999999927e+00,2.842999999999999972e-01,4.460499999999999687e+00,4.840900000000000425e+00,5.717399999999999594e+00,1.499130000000000074e+01,5.215999999999999526e-01,1.142050000000000054e+01,2.842999999999999972e-01,6.734899999999999665e+00,9.855000000000000426e-01,1.763700000000000045e+00,0.000000000000000000e+00,1.794819999999999993e+01,1.795220000000000127e+01
5.998400000000000176e+00,4.724800000000000111e+00,1.207530000000000037e+01,8.379899999999999238e+00,8.096399999999999153e+00,4.365700000000000358e+00,3.705099999999999838e+00,2.560999999999999943e-01,2.288199999999999790e+00,4.931799999999999962e+00,5.903299999999999770e+00,1.307259999999999955e+01,8.294000000000000261e-01,1.376829999999999998e+01,6.623999999999999888e-01,7.445000000000000284e+00,4.734999999999999765e-01,1.895000000000000018e+00,0.000000000000000000e+00,1.758849999999999980e+01,1.758599999999999852e+01
5.280000000000000249e+00,5.861699999999999910e+00,1.035629999999999917e+01,5.525400000000000311e+00,5.372200000000000308e+00,3.057799999999999851e+00,8.912999999999999812e-01,0.000000000000000000e+00,1.661999999999999866e-01,3.361899999999999888e+00,4.280899999999999928e+00,1.202720000000000056e+01,4.502999999999999781e-01,1.237989999999999924e+01,1.661999999999999866e-01,5.540700000000000180e+00,1.661999999999999866e-01,6.875999999999999890e-01,0.000000000000000000e+00,1.859900000000000020e+01,1.859890000000000043e+01
5.775000000000000355e+00,6.151699999999999946e+00,1.301810000000000045e+01,9.505800000000000693e+00,8.060100000000000264e+00,4.394199999999999662e+00,5.004299999999999748e+00,0.000000000000000000e+00,1.038499999999999979e+00,4.931400000000000006e+00,5.975600000000000023e+00,1.251050000000000040e+01,8.404000000000000359e-01,1.263180000000000014e+01,6.107000000000000206e-01,6.254900000000000126e+00,0.000000000000000000e+00,3.154700000000000060e+00,0.000000000000000000e+00,1.754560000000000031e+01,1.754240000000000066e+01
5.868500000000000050e+00,2.702599999999999891e+00,9.779199999999999449e+00,1.539600000000000080e+00,5.251100000000000101e+00,4.114099999999999646e+00,5.098000000000000309e-01,0.000000000000000000e+00,2.772999999999999909e-01,4.386700000000000266e+00,4.877500000000000391e+00,1.388189999999999991e+01,2.702599999999999891e+00,1.395720000000000027e+01,2.772999999999999909e-01,4.372099999999999653e+00,0.000000000000000000e+00,1.641100000000000003e+00,0.000000000000000000e+00,1.831810000000000116e+01,1.831909999999999883e+01
6.904499999999999638e+00,6.014499999999999957e+00,8.330099999999999838e+00,3.964799999999999880e+00,8.979400000000000048e+00,5.292300000000000004e+00,0.000000000000000000e+00,9.582000000000000517e-01,7.100600000000000023e+00,3.827900000000000080e+00,5.184199999999999697e+00,1.654980000000000118e+01,1.123399999999999954e+00,1.345940000000000047e+01,3.054000000000000048e-01,7.103100000000000414e+00,1.528999999999999915e+00,2.023000000000000131e+00,3.054000000000000048e-01,1.783259999999999934e+01,1.783279999999999887e+01
6.250399999999999956e+00,6.680500000000000327e+00,1.006250000000000000e+01,4.800300000000000011e+00,5.690599999999999881e+00,2.489799999999999791e+00,6.411999999999999922e-01,0.000000000000000000e+00,6.873599999999999710e+00,3.096799999999999997e+00,3.971799999999999997e+00,1.304850000000000065e+01,1.889000000000000123e-01,1.066430000000000078e+01,0.000000000000000000e+00,4.538899999999999935e+00,0.000000000000000000e+00,8.792999999999999705e-01,3.558999999999999941e-01,1.825969999999999871e+01,1.826300000000000168e+01
